names,surnames,ips,passwords,logins
Hannah,AIDEN,67.4549.197.72,Hannah1956,hannah_aiden@email.com
Chaya,RAQUEL,216.41678.206.128,@zerty,chaya_raquel@email.com
Lilly,JOANNA,192.62925.205.139,04[c,lilly_joanna@email.com
Jesus,BEATRIX,103.28476.60.152,Jesus1974,jesus_beatrix@email.com
Aliza,ALEKSANDRA,206.49123.227.221,Aliz@1976,aliza_aleksandra@email.com
Eddy,STEVEN,54.10208.224.255,qwerty,eddy_steven@email.com
Giancarlo,JULIEN,206.57685.85.37,@nnabelle4&ver,giancarlo_julien@email.com
Ben,KEVIN,89.8730.26.153,ps$wrd,ben_kevin@email.com
Abdiel,DOMINICK,38.42982.230.126,'ez?,abdiel_dominick@email.com
Shlome,RAINA,17.63659.171.242,my_p@$sw0rd,shlome_raina@email.com
Penelope,AMIRJON,216.48900.4.255,25031959,penelope_amirjon@email.com
Jade,ALEXANDRA,208.19005.61.71,23061991,jade_alexandra@email.com
April,COLIN,38.43438.174.85,Nechama4Ever,april_colin@email.com
Grayson,DREW,186.16388.4.193,Grayson1986,grayson_drew@email.com
Jayren,JULIETTE,208.16894.254.46,Aman14Ever,jayren_juliette@email.com
Catherine,NOLAN,216.25543.199.131,K*m?3d>6sH,catherine_nolan@email.com
Rehan,EMMY,161.31230.254.37,Zaria4Ever,rehan_emmy@email.com
Empress,WILLOW,34.28911.239.158,123456,empress_willow@email.com
Yakov,AYRA,38.18036.116.50,Sara4&ver,yakov_ayra@email.com
Jennifer,COREY,38.35372.44.255,J&nnif&r2002,jennifer_corey@email.com
Kaylee,BARBARA,74.56450.130.6,KBARBARA29,kaylee_barbara@email.com
Arvin,JESSICA,157.14507.171.212,1234567890,arvin_jessica@email.com
Aleah,MALAK,192.40320.128.239,Jabari4Ever,aleah_malak@email.com
Sergio,AHMAD,38.53384.136.154,Leila4Ev&r,sergio_ahmad@email.com
Manha,KAREN,38.58610.242.155,03021999,manha_karen@email.com
Niam,MELISSA,146.46218.138.124,Niam1999,niam_melissa@email.com
Adele,EILEEN,44.37234.114.244,Ad&le1962,adele_eileen@email.com
Pinchus,BLIMY,196.50264.88.23,Elean0r4Ever,pinchus_blimy@email.com
Lucy,ELIJAH,62.25818.218.135,A&1IJAH18,lucy_elijah@email.com
Tyler,ILANA,52.57123.35.0,04041964,tyler_ilana@email.com
Brayan,ESSENCE,38.56990.158.155,Precious4Ever,brayan_essence@email.com
Paige,ELVIS,207.29612.172.235,123456,paige_elvis@email.com
Kayleen,CAIRO,185.56862.30.106,10061963,kayleen_cairo@email.com
Elianny,SAMIYA,159.47033.185.148,Abe4Ever,elianny_samiya@email.com
Sean,MARY,104.21003.11.133,$e@n2006,sean_mary@email.com
Briana,JOEL,161.40163.227.212,28081982,briana_joel@email.com
Trany,AMELIE,169.14392.56.209,TAME11E53,trany_amelie@email.com
Aayat,AIZA,142.52499.19.8,0000,aayat_aiza@email.com
Marvin,YACHET,199.30603.139.136,g-b$5H]CM*,marvin_yachet@email.com
Isabela,ROCCO,40.25677.77.214,azerty,isabela_rocco@email.com
Beatrix,CHAVA,23.60240.80.255,"rd[""[!T1Ox",beatrix_chava@email.com
Ilan,ADA,172.59320.184.121,22091981,ilan_ada@email.com
Sloane,BRAYAN,45.10962.210.149,admin,sloane_brayan@email.com
Sahil,LEYLA,38.50348.172.212,SL&YLA57,sahil_leyla@email.com
Amora,MAVERICK,70.8346.154.80,06121950,amora_maverick@email.com
Yasmina,JUDY,192.38958.46.76,NAHLA1997,yasmina_judy@email.com
Zahra,SABINA,146.5085.221.110,Zahr@2007,zahra_sabina@email.com
Vivian,VIVIANA,38.63956.212.19,0000,vivian_viviana@email.com
Hanna,ESTY,71.38939.27.174,Rowan4&v&r,hanna_esty@email.com
Izaiah,BRENDAN,192.34113.65.8,Wyatt4&ver,izaiah_brendan@email.com
Caroline,SHAINDY,184.7468.44.101,Jerry1996,caroline_shaindy@email.com
Arham,MATHIAS,216.46456.120.0,@rham1971,arham_mathias@email.com
Amirah,KADEN,125.13219.163.133,CKADEN0,amirah_kaden@email.com
Brian,ESTRELLA,107.44432.144.100,`t;2N5C!1B,brian_estrella@email.com
Damian,GOLDY,34.2032.240.174,Ayanna4Ev&r,damian_goldy@email.com
Jeremiah,RORY,165.683.171.142,mJ7qVaF1$,jeremiah_rory@email.com
Kaylin,TERRY,139.9934.206.83,=JMZg*,kaylin_terry@email.com
Sophia,FRIEDA,23.53366.118.202,ps$wrd,sophia_frieda@email.com
Milania,MADISON,52.45239.183.170,u4'{QZFAi0&,milania_madison@email.com
Yara,GUSTAVO,40.23921.113.40,123456,yara_gustavo@email.com
Theo,RENEE,64.35142.70.254,123456,theo_renee@email.com
Jane,JAELYNN,181.10689.193.104,Wesley4Ever,jane_jaelynn@email.com
Zander,HINDA,32.27388.252.226,ZHIND@23,zander_hinda@email.com
Oumou,DULCE,40.31641.153.145,Makai4Ev&r,oumou_dulce@email.com
Jannatul,PHOENIX,45.3420.92.95,admin,jannatul_phoenix@email.com
Marco,LIORA,142.64492.236.148,123456,marco_liora@email.com
Brody,HENNY,185.19853.141.135,12071994,brody_henny@email.com
Rachel,SHANIA,66.18875.187.136,RSHANIA58,rachel_shania@email.com
Fraidy,ABEL,38.29789.93.161,Fra1dy1978,fraidy_abel@email.com
Joaquin,HENRY,104.29476.36.61,Joaqu1n1977,joaquin_henry@email.com
Natalia,NINA,23.17010.114.129,"6gl""VNP0m9",natalia_nina@email.com
Jared,ROGER,208.18426.250.129,JROGER85,jared_roger@email.com
Landon,GORDON,104.34155.107.119,"""D6'A{Qo",landon_gordon@email.com
Spencer,LUIS,185.57075.243.171,07041988,spencer_luis@email.com
Tyler,GREYSON,115.10798.46.116,Sidney4&v&r,tyler_greyson@email.com
Cataleya,ZAIRE,47.3217.145.249,_z{{,cataleya_zaire@email.com
Zayan,IMONA,199.3934.94.43,C1M0NA9,zayan_imona@email.com
Adina,JANIYAH,98.36660.52.241,Malachi4Ever,adina_janiyah@email.com
Malak,SCARLETT,213.51613.157.252,MSCARLETT43,malak_scarlett@email.com
Anton,SKYLAH,205.38505.105.57,ASKY1AH90,anton_skylah@email.com
Enrique,AIDEN,75.20169.201.92,Enriqu&2004,enrique_aiden@email.com
Mandy,ALAN,38.1174.150.55,23011967,mandy_alan@email.com
Ilana,ARISHA,192.45346.34.107,HP|iB,ilana_arisha@email.com
Derrick,LEIA,192.26866.242.68,Q^ki09~K4,derrick_leia@email.com
Samira,ALEX,156.37521.145.250,ps$wrd,samira_alex@email.com
Esty,SKYLAR,157.15552.192.128,Esty2004,esty_skylar@email.com
Princeton,YARETZI,38.25493.149.20,pR{fWjJ@S8-,princeton_yaretzi@email.com
Nicholas,LEYLA,172.24581.5.148,3ayu),nicholas_leyla@email.com
Elan,ANIYAH,207.58077.221.12,20111990,elan_aniyah@email.com
Safwan,GIULIA,204.61810.114.53,)=/#TZ?,safwan_giulia@email.com
Jasiah,NYLA,102.42258.18.20,JNYLA9,jasiah_nyla@email.com
Layla,ELENA,215.262.6.113,15091986,layla_elena@email.com
Bentzion,PARIS,170.63324.92.128,@;j>.0,bentzion_paris@email.com
Prince,DASHIELL,192.45382.70.118,Wyatt1995,prince_dashiell@email.com
Sharon,DANNY,150.43930.154.161,JD@NNY25,sharon_danny@email.com
Hassan,RUCHY,200.57725.125.14,@b0^gaT,hassan_ruchy@email.com
Natalie,WENDY,166.91.91.44,26041991,natalie_wendy@email.com
Heaven,WILLOW,104.63247.15.143,1ogan2001,heaven_willow@email.com
Gavriel,CAMILO,216.24147.83.17,GCAM1LO93,gavriel_camilo@email.com
Jose,CHANIE,176.25032.200.168,18021980,jose_chanie@email.com
