names,surnames,ips,passwords,logins
Amir,REIZY,213.176.54.43,25061982,amir_reizy@email.com
Yisroel,MARYAM,45.56.0.57,12121974,yisroel_maryam@email.com
Hunter,KEYLA,47.246.165.148,27011965,hunter_keyla@email.com
Holden,TENZIN,129.134.90.220,Amanda4Ever,holden_tenzin@email.com
Noel,OPHELIA,54.239.140.108,azerty,noel_ophelia@email.com
Adeline,OMARI,38.80.215.198,1234,adeline_omari@email.com
Ahron,KHALIL,192.23.22.234,Ahron1976,ahron_khalil@email.com
Calvin,ALLISON,207.221.26.208,CALLIS0N65,calvin_allison@email.com
Shaina,DALLAS,38.16.204.248,22091957,shaina_dallas@email.com
Aileen,ALANA,162.245.18.227,23071967,aileen_alana@email.com
Linda,DERICK,198.241.149.108,=)n.$,linda_derick@email.com
Jose,WILLIAM,205.182.155.237,123456,jose_william@email.com
Ariah,ADRIAN,194.233.147.44,Ariah1994,ariah_adrian@email.com
Eddy,PIERCE,47.246.124.200,EP1&RCE74,eddy_pierce@email.com
Kenny,SAMAIRA,185.214.166.87,Kenny2000,kenny_samaira@email.com
Heavenly,ANNABEL,107.186.29.103,H&avenly1994,heavenly_annabel@email.com
Madeline,ABIGAIL,103.171.136.233,c.Hta|^,madeline_abigail@email.com
Shayan,MIRACLE,80.241.170.68,06021960,shayan_miracle@email.com
Brianny,ANIYAH,198.97.159.115,BANIYAH99,brianny_aniyah@email.com
Jaheim,SONIA,34.189.188.236,my_pa$sword,jaheim_sonia@email.com
Yisrael,MORRIS,13.106.197.139,17071991,yisrael_morris@email.com
Estelle,ROHAN,192.94.201.78,ER0HAN33,estelle_rohan@email.com
Louisa,DALIA,38.226.70.7,Kaylin4&v&r,louisa_dalia@email.com
Javier,PAIGE,158.69.155.169,psswrd,javier_paige@email.com
Michaela,INES,23.54.219.113,15091988,michaela_ines@email.com
Remi,AMARA,165.1.109.40,&van4Ever,remi_amara@email.com
Connor,CHRIS,38.54.208.60,",~(&",connor_chris@email.com
Elaine,JOAQUIN,20.150.23.152,0000,elaine_joaquin@email.com
Joy,CALEB,5.23.27.51,29051988,joy_caleb@email.com
Thomas,SAFA,142.215.230.199,TSAFA57,thomas_safa@email.com
Zariah,JAYLYN,138.186.139.144,ZJAYLYN87,zariah_jaylyn@email.com
Hugo,CLAIRE,207.115.122.74,Aydin4Ever,hugo_claire@email.com
Neil,ALEXANDER,48.205.90.251,psswrd,neil_alexander@email.com
August,ZAYAN,151.191.16.211,1234,august_zayan@email.com
Kiyan,MOLLY,40.126.0.81,4#.+)/$,kiyan_molly@email.com
Jaime,DIEGO,69.205.22.185,Giovann@1977,jaime_diego@email.com
Lilia,OUMAR,38.117.92.202,password,lilia_oumar@email.com
Carmelo,FARHAN,52.123.63.15,AFARHAN76,carmelo_farhan@email.com
Noor,SALOME,8.43.110.162,psswrd,noor_salome@email.com
Philip,CAMDEN,45.197.34.207,H]#+,philip_camden@email.com
Rivky,HADASSAH,192.35.135.14,??&MuM7a1J,rivky_hadassah@email.com
Abdoulaye,AMANDA,192.251.228.1,17061983,abdoulaye_amanda@email.com
Neymar,MAKSIM,154.16.39.66,iKHlk7HA,neymar_maksim@email.com
Elise,GIOVANNY,104.253.201.224,E1ise1969,elise_giovanny@email.com
Lennox,NATHALY,172.225.89.240,qwerty,lennox_nathaly@email.com
Annika,RAIZY,104.96.201.135,05071969,annika_raizy@email.com
Farhan,ELIZABETH,38.220.96.72,04101965,farhan_elizabeth@email.com
Alpha,ANNA,198.161.239.31,0000,alpha_anna@email.com
Frimet,KIMBERLY,206.182.116.62,Fr@del4Ever,frimet_kimberly@email.com
Julien,SAFA,156.247.9.104,$HM^z=,julien_safa@email.com
Jimmy,SANTIAGO,45.224.228.158,Ay@t4Ever,jimmy_santiago@email.com
Declan,ARISHA,139.181.23.100,Sh10ma4Ev&r,declan_arisha@email.com
Miles,SERENITY,20.33.227.238,Janiy@h4Ev&r,miles_serenity@email.com
Hassan,ADA,170.72.243.19,"/ssa}},t#1",hassan_ada@email.com
Lyric,OMAR,38.139.148.119,21042009,lyric_omar@email.com
Chava,MARLON,23.155.127.87,Ch@va1980,chava_marlon@email.com
Diya,AXEL,32.113.233.251,DAXEL16,diya_axel@email.com
Martin,SEAN,38.200.88.182,12041963,martin_sean@email.com
Isabel,AALIYAH,34.6.68.61,BM@aH,isabel_aaliyah@email.com
Sophie,JOZIAH,198.245.159.153,Kymani4Ever,sophie_joziah@email.com
Ines,NORAH,92.122.103.224,03042000,ines_norah@email.com
Joshua,NATALIE,52.219.176.127,my_pa$sw0rd,joshua_natalie@email.com
Summer,NELSON,198.180.95.73,Shevy4Ever,summer_nelson@email.com
Amayah,JOLIE,38.38.226.244,$ALOME1966,amayah_jolie@email.com
Zaria,BRUNO,199.175.101.163,@dmin,zaria_bruno@email.com
Sadie,KIYAN,206.32.177.184,SK1YAN67,sadie_kiyan@email.com
Oumar,KHARI,161.247.253.49,qwerty,oumar_khari@email.com
Jameson,YEHUDA,66.46.142.127,29121961,jameson_yehuda@email.com
Mirel,GITTY,40.95.199.177,$H(W{jwB`z,mirel_gitty@email.com
Maliyah,JAYSON,216.75.133.52,11061957,maliyah_jayson@email.com
Tabitha,MOHAMMED,172.216.209.241,qwerty,tabitha_mohammed@email.com
Jude,VICKY,166.63.250.44,B1hs,jude_vicky@email.com
Henry,KAYLIE,192.12.186.87,Henry1988,henry_kaylie@email.com
Izabella,ZARIAH,20.95.232.5,Zain4Ever,izabella_zariah@email.com
Carmen,ALISSON,216.123.112.165,02091957,carmen_alisson@email.com
Ethan,MARINA,135.118.237.19,L&y1a2004,ethan_marina@email.com
Edwin,ELIYAHU,194.147.7.0,Edwin1978,edwin_eliyahu@email.com
Roy,JEREMIAS,194.58.197.171,Julia4Ever,roy_jeremias@email.com
Ilan,ABIGAIL,38.172.166.233,El1na4Ever,ilan_abigail@email.com
Rory,ZALMEN,216.147.2.67,1234567890,rory_zalmen@email.com
Anisa,BRIDGET,160.88.236.200,1234567890,anisa_bridget@email.com
Giada,DARIUS,8.241.214.116,azerty,giada_darius@email.com
Veronica,HUDSON,174.120.95.125,08121990,veronica_hudson@email.com
Guy,LAIA,23.35.155.156,L^6DWNK,guy_laia@email.com
Issac,NICOLAS,170.69.179.212,Brittany4Ever,issac_nicolas@email.com
Reem,MAHAMADOU,20.150.78.121,13081974,reem_mahamadou@email.com
Zoe,YOUNIS,185.118.132.141,Eason1994,zoe_younis@email.com
Dylan,SHILOH,64.185.240.14,Dylan1967,dylan_shiloh@email.com
Angeline,JAYLAH,35.218.102.236,25021956,angeline_jaylah@email.com
Gary,ADELE,204.107.16.253,18061962,gary_adele@email.com
Alessandro,ZAYDEN,191.101.119.159,Camren4Ever,alessandro_zayden@email.com
Sabrina,LIORA,129.192.129.181,@zerty,sabrina_liora@email.com
Kiara,CESAR,185.38.241.237,M@nha4&ver,kiara_cesar@email.com
Marina,HAREEM,203.78.164.170,MHAREEM6,marina_hareem@email.com
Meira,ABDOULAYE,208.175.217.141,SABDOULAY&28,meira_abdoulaye@email.com
Sophia,NORA,74.118.98.225,1234,sophia_nora@email.com
Alisa,WALTER,184.29.138.89,Ang&l04Ev&r,alisa_walter@email.com
Emmanuel,FINLEY,152.135.6.214,.Iu1[}w.,emmanuel_finley@email.com
Everett,LIELLE,166.1.190.112,Subhan4Ever,everett_lielle@email.com
Arabella,NOSSON,199.64.57.72,password,arabella_nosson@email.com
Nevaeh,FRANKLIN,124.208.230.215,07041995,nevaeh_franklin@email.com
Camren,DEVORAH,38.120.223.225,qwertyuiop,camren_devorah@email.com
Amir,NELSON,40.98.198.52,Z1on4&ver,amir_nelson@email.com
Hareem,EDGAR,154.3.53.0,123456,hareem_edgar@email.com
Shifra,CARLA,71.152.24.107,H$oA,shifra_carla@email.com
Ivanna,JIMMY,207.47.42.154,18071963,ivanna_jimmy@email.com
Jefferson,LAILA,34.119.210.48,Rem14Ever,jefferson_laila@email.com
Arlo,MIKAYLA,38.206.250.187,L1ora4Ever,arlo_mikayla@email.com
Sholom,AUSTIN,190.61.24.32,my_pa$sword,sholom_austin@email.com
Violet,ANNIE,213.201.183.104,dsWZ/,violet_annie@email.com
Sophia,RAYAN,199.89.65.104,Pe$$y4Ever,sophia_rayan@email.com
Ori,ZENDAYA,70.41.78.1,OZENDAYA18,ori_zendaya@email.com
Amanda,ANNIE,64.18.96.223,23121952,amanda_annie@email.com
Seth,YANDEL,20.159.208.76,=V)&,seth_yandel@email.com
Eleanor,ANNE,69.24.182.61,"gj_,tXi47",eleanor_anne@email.com
Oscar,ARIELLA,38.89.93.80,Osc@r1988,oscar_ariella@email.com
Mariana,AIDAN,165.1.194.181,Paul4Ev&r,mariana_aidan@email.com
Elvis,HANNA,34.189.19.76,Pierce4Ever,elvis_hanna@email.com
Mindy,TATIANA,181.214.91.65,Jad&n4Ever,mindy_tatiana@email.com
Albert,ALEKSANDRA,38.206.103.5,@ALEKSANDRA43,albert_aleksandra@email.com
Jamari,LONDON,193.162.133.128,Vinc&nt4&ver,jamari_london@email.com
Julia,YEHUDA,185.13.99.10,MIU3xZ,julia_yehuda@email.com
Aminata,SAMARA,205.234.170.57,ASAMARA86,aminata_samara@email.com
Aisha,RIFKA,155.63.241.45,Aish@1991,aisha_rifka@email.com
Hillel,AHARON,38.234.22.140,HAHAR0N76,hillel_aharon@email.com
Zainab,GISELLE,192.8.194.201,ZGISELLE85,zainab_giselle@email.com
Johann,LITZY,104.216.28.37,05021994,johann_litzy@email.com
Logan,FRANCESCA,45.223.28.7,11111964,logan_francesca@email.com
Julianna,BONNIE,104.255.163.73,admin,julianna_bonnie@email.com
Elliana,ABDOUL,23.236.129.112,E1liana1993,elliana_abdoul@email.com
Hafsa,DEMI,74.112.190.44,YDEMI39,hafsa_demi@email.com
Miguel,DECLAN,38.36.154.78,Migu&l2004,miguel_declan@email.com
Arely,ELAINE,190.2.129.211,123456,arely_elaine@email.com
Brooklyn,KAREEM,168.87.123.151,my_password,brooklyn_kareem@email.com
Naftuli,TYLER,38.194.34.178,Naftuli1956,naftuli_tyler@email.com
Katelynn,LEORA,158.177.88.234,my_pa$sword,katelynn_leora@email.com
Yaritza,VIHAAN,192.142.134.89,Ch&1sea4Ever,yaritza_vihaan@email.com
Leonardo,LEV,46.151.197.236,Leonardo1993,leonardo_lev@email.com
Franklin,MAXIMILIAN,166.98.71.12,02111997,franklin_maximilian@email.com
Ellis,LAILA,194.31.141.161,Zayden4Ever,ellis_laila@email.com
Elimelech,SAWYER,38.136.7.53,my_p@ssw0rd,elimelech_sawyer@email.com
Ayleen,SABRINA,54.239.128.65,Ayl&en2001,ayleen_sabrina@email.com
Jennifer,LAYLA,38.122.83.147,pa$sword,jennifer_layla@email.com
Juan,KIMBERLY,38.116.155.164,Kylee4Ever,juan_kimberly@email.com
Sarai,ISABELLA,192.23.49.93,Ismai11990,sarai_isabella@email.com
Chaim,JAYLIN,69.10.254.52,&LIANNA1982,chaim_jaylin@email.com
Briella,ERIKA,147.242.15.72,qwertyuiop,briella_erika@email.com
Ezekiel,ISLA,203.82.24.187,Ezekiel1955,ezekiel_isla@email.com
Delilah,JAYSON,192.237.173.193,'@JQ,delilah_jayson@email.com
Jada,MIKAELA,38.233.88.244,0000,jada_mikaela@email.com
Morgan,CHESKY,104.243.187.160,qwerty,morgan_chesky@email.com
Judah,JEREMY,104.227.143.66,qwertyu1op,judah_jeremy@email.com
Valeria,MENACHEM,206.233.240.198,:Qg@$w,valeria_menachem@email.com
Lesly,CAMILLA,108.170.197.140,d+VD,lesly_camilla@email.com
Sage,ALIA,196.198.200.18,CH@VY1966,sage_alia@email.com
Jean,SCOTT,64.227.196.204,26071959,jean_scott@email.com
Nosson,ESTHER,134.73.128.190,v-vg),nosson_esther@email.com
Estelle,ANNABELLE,92.122.102.223,1234567890,estelle_annabelle@email.com
Andre,BIANCA,91.243.95.108,Andr&2009,andre_bianca@email.com
Maliha,ARI,67.15.59.241,"',Z&]V_%]R",maliha_ari@email.com
Shalom,KIERAN,143.223.255.34,18051988,shalom_kieran@email.com
Shloma,JEAN,158.26.65.132,SJEAN22,shloma_jean@email.com
Marlowe,ALEX,40.92.33.14,LAL&X9,marlowe_alex@email.com
Elian,CRISTOFER,38.89.48.117,ECR1$TOFER0,elian_cristofer@email.com
Arianna,DEVORA,44.151.58.254,ADEVORA10,arianna_devora@email.com
Harrison,DAMARI,155.137.55.204,HDAMARI64,harrison_damari@email.com
Michelle,NIA,172.190.237.54,2+QWKSe[,michelle_nia@email.com
Joaquin,MYLES,40.110.40.244,25031979,joaquin_myles@email.com
Chace,MALIYAH,144.57.33.49,Chace1984,chace_maliyah@email.com
Zion,CHANY,119.81.13.75,Zion1988,zion_chany@email.com
Mira,CAROLINE,185.170.42.165,0000,mira_caroline@email.com
Willa,SOPHIE,64.121.24.168,123456,willa_sophie@email.com
Devin,BATYA,85.189.2.250,1234567890,devin_batya@email.com
Chany,FABIAN,103.56.87.71,Quinn4Ev&r,chany_fabian@email.com
Amiyah,JAMIR,193.239.147.19,Louisa4Ev&r,amiyah_jamir@email.com
Livia,KACPER,198.232.179.214,9Zc;4^-4,livia_kacper@email.com
Jaylin,MIKAELA,63.222.161.87,0000,jaylin_mikaela@email.com
Zain,RYDER,195.134.250.162,Samair@4Ever,zain_ryder@email.com
Hugo,SONNY,149.97.194.24,0000,hugo_sonny@email.com
Lawrence,HARPER,40.87.31.33,azerty,lawrence_harper@email.com
Nikita,TANISHA,40.96.165.10,08051968,nikita_tanisha@email.com
Moishe,AHMAD,172.94.71.231,passw0rd,moishe_ahmad@email.com
Jaheim,KEYLA,38.136.220.47,JK&YLA10,jaheim_keyla@email.com
Batsheva,VIVIENNE,38.217.14.250,BVIVI&NN&12,batsheva_vivienne@email.com
Zahara,ERICK,142.251.141.146,gwj@,zahara_erick@email.com
Aisha,ANABIA,192.150.77.183,TX4|JWD^,aisha_anabia@email.com
Jane,GRANT,8.20.123.60,06091995,jane_grant@email.com
Devora,KIERA,188.191.252.84,DK1ERA6,devora_kiera@email.com
Aimee,SARINA,5.105.208.60,@imee1978,aimee_sarina@email.com
Gary,LIA,38.104.250.253,02041959,gary_lia@email.com
Tessa,KELVIN,63.218.163.228,BKE1VIN21,tessa_kelvin@email.com
Armani,AMADOU,67.202.148.142,Ne1l4Ever,armani_amadou@email.com
Giuseppe,AYELET,199.12.249.224,123456,giuseppe_ayelet@email.com
Jimena,BRUCHA,192.105.158.150,{9Q9h0thjcv,jimena_brucha@email.com
Cristian,CHRISTINE,102.165.33.209,&ddie4Ever,cristian_christine@email.com
Jesse,ADONIS,161.156.70.125,0000,jesse_adonis@email.com
Cataleya,TALIYAH,173.246.57.241,01041959,cataleya_taliyah@email.com
Ruby,AHRON,52.110.116.35,Ruby1999,ruby_ahron@email.com
Greyson,GIDEON,38.195.147.251,bEV@,greyson_gideon@email.com
Darwin,JULIAN,38.199.44.190,DJULIAN75,darwin_julian@email.com
Moishe,NALANI,38.133.73.15,Moish&1954,moishe_nalani@email.com
Angie,EMELY,193.233.117.173,AEMELY67,angie_emely@email.com
Eluzer,PEDRO,34.6.159.142,EP&DRO93,eluzer_pedro@email.com
Everett,FANTA,104.156.178.187,1234,everett_fanta@email.com
Lesly,NEIL,38.24.30.77,'bz<1f,lesly_neil@email.com
Stanley,AVI,163.242.87.234,123456,stanley_avi@email.com
Raul,LUNA,89.45.224.245,01071956,raul_luna@email.com
Rayyan,LEONEL,17.76.64.85,23101962,rayyan_leonel@email.com
Alaia,ALESSANDRA,128.1.111.213,Ivaan4Ever,alaia_alessandra@email.com
Luka,ARYAN,69.44.65.169,LARY@N63,luka_aryan@email.com
Alaia,ZARIA,45.80.157.156,"abS<.C]$D8""",alaia_zaria@email.com
Luka,ANTHONY,38.212.9.96,1@NTHONY41,luka_anthony@email.com
Chesky,KHARI,5.157.139.37,Yoy'|,chesky_khari@email.com
Danielle,AVRIL,70.84.230.45,/0vEk0<3,danielle_avril@email.com
Ada,NAYELI,215.65.117.109,22111952,ada_nayeli@email.com
Zuri,SYLVIE,192.156.177.20,Za1d1956,zuri_sylvie@email.com
Logan,MICHELLE,20.95.247.95,07121952,logan_michelle@email.com
Grey,RHYS,38.28.38.188,Grey1970,grey_rhys@email.com
Mckenzie,NAOMI,38.118.181.99,N&?Sf:'ZGxJ,mckenzie_naomi@email.com
Francesco,SLOANE,45.155.66.6,Francesco1976,francesco_sloane@email.com
Ashley,DONOVAN,192.211.83.244,28032004,ashley_donovan@email.com
Zissy,MADELYN,192.31.179.220,02061964,zissy_madelyn@email.com
Inaaya,KAILEY,198.208.250.78,IKAILEY49,inaaya_kailey@email.com
Chana,CYRUS,104.95.139.106,02072001,chana_cyrus@email.com
Yehuda,ISABEL,172.106.227.156,Ps~=Q.,yehuda_isabel@email.com
Selim,ROHAAN,38.78.178.102,SROHAAN14,selim_rohaan@email.com
Yisrael,ABEL,216.171.94.134,ZABEL46,yisrael_abel@email.com
Keily,LIAM,104.64.135.237,/aL_1,keily_liam@email.com
Tabitha,FELIX,137.134.73.159,Tab1tha1979,tabitha_felix@email.com
Queenie,MARISOL,38.136.153.35,0000,queenie_marisol@email.com
Shifra,PRESTON,154.3.251.244,Shifra2002,shifra_preston@email.com
Lea,BEATRICE,206.233.245.75,LB&ATR1CE63,lea_beatrice@email.com
Connor,MOUSSA,67.29.35.172,Rihanna4Ever,connor_moussa@email.com
Finn,LEV,34.5.95.224,$yxuHt$H],finn_lev@email.com
Harper,TZIREL,156.146.47.95,=+I'XY,harper_tzirel@email.com
Saul,FIONA,185.230.229.135,Antonio4Ev&r,saul_fiona@email.com
Myles,KATHRYN,188.227.198.31,MKATHRYN71,myles_kathryn@email.com
Francesca,BREINDY,192.184.50.237,JBREINDY73,francesca_breindy@email.com
Barbara,SHLOIME,192.251.8.134,T&SSA1951,barbara_shloime@email.com
Zaire,YAKOV,23.186.53.248,Magaly4Ever,zaire_yakov@email.com
Sherry,MATIAS,50.21.120.172,02061972,sherry_matias@email.com
Perl,KYMANI,74.81.147.3,Yitty4&ver,perl_kymani@email.com
Zendaya,WOLF,34.3.98.86,Zend@y@1950,zendaya_wolf@email.com
Mariam,ANDRE,203.78.161.52,Sara14Ever,mariam_andre@email.com
Natalia,ZEV,104.133.99.117,Ja&lyn4Ever,natalia_zev@email.com
John,VIVIAN,38.223.121.24,26032009,john_vivian@email.com
Caitlin,MORGAN,192.159.110.164,Bry@n4Ever,caitlin_morgan@email.com
Dana,CHARLOTTE,204.239.11.42,1234,dana_charlotte@email.com
Stephen,RYDER,149.26.94.186,b5Rh,stephen_ryder@email.com
Aayat,ANDY,4.199.140.92,~=YXvgPL\,aayat_andy@email.com
Reizy,RIFKA,208.123.221.25,RRIFKA55,reizy_rifka@email.com
Griffin,TIANNA,206.54.174.109,Gr1ffin1982,griffin_tianna@email.com
Lyric,DAMIEN,63.221.28.52,c*.)@P`@,lyric_damien@email.com
Yitzchok,GISELLE,38.117.64.87,Harley4Ever,yitzchok_giselle@email.com
Edward,MAXIMILIANO,154.26.28.11,azerty,edward_maximiliano@email.com
Rocco,ZANE,38.119.27.188,Rocco1967,rocco_zane@email.com
Ingrid,SARIAH,196.59.95.232,1234567890,ingrid_sariah@email.com
Gittel,ABEL,192.28.141.1,"Cn@""`",gittel_abel@email.com
Rivka,IBRAHIMA,193.5.144.206,123456,rivka_ibrahima@email.com
Antonia,SANTINO,163.5.111.153,ASANTINO87,antonia_santino@email.com
Vanessa,SKYLAH,192.172.238.121,Faiga4Ever,vanessa_skylah@email.com
Kenzie,SELENA,104.88.125.64,Kenzie1969,kenzie_selena@email.com
Sholom,NAYLA,216.245.30.139,SNAYLA52,sholom_nayla@email.com
Guy,CHELSEA,158.120.170.224,27031957,guy_chelsea@email.com
Gianna,AIDAN,38.96.113.69,Melania4&ver,gianna_aidan@email.com
Princess,JENNA,212.63.179.132,Tz1porah4Ever,princess_jenna@email.com
Khadija,KALI,38.187.34.224,Khadij@1961,khadija_kali@email.com
Esme,HANA,45.114.241.181,JUN2007,esme_hana@email.com
Ibrahima,KAYLEEN,20.33.105.56,Kira4&ver,ibrahima_kayleen@email.com
Elaine,MICAH,91.132.161.151,Cz8(yTPto?,elaine_micah@email.com
Maimouna,SYLVIA,137.83.155.123,24021982,maimouna_sylvia@email.com
Zoey,FRADEL,23.188.106.2,ZFRAD&L89,zoey_fradel@email.com
Anton,ERIK,40.110.216.78,Me1ina4Ever,anton_erik@email.com
Luna,CHESKY,69.197.71.231,my_password,luna_chesky@email.com
Shayla,MAXIMO,206.126.111.53,26081960,shayla_maximo@email.com
Samir,LUNA,205.160.98.178,Sam1r1988,samir_luna@email.com
Miles,NICOLETTE,92.119.41.167,Frady4&ver,miles_nicolette@email.com
Lucian,ARJUN,38.175.86.194,LARJUN20,lucian_arjun@email.com
Carter,SHAYAAN,129.42.52.244,03021976,carter_shayaan@email.com
Nathalie,JAMIE,192.255.74.187,11111952,nathalie_jamie@email.com
Ricky,ALEJANDRA,35.229.4.169,123456,ricky_alejandra@email.com
Brayan,JANIYAH,45.13.65.162,06111999,brayan_janiyah@email.com
Brucha,MARIELLE,138.23.37.163,qwerty,brucha_marielle@email.com
Analia,PEDRO,206.183.112.198,Joz1@h4Ev&r,analia_pedro@email.com
Keira,LUCAS,150.171.220.99,KLUCA$98,keira_lucas@email.com
Amar'e,NAOMI,159.8.157.242,psswrd,amar'e_naomi@email.com
Miguel,GRANT,23.217.219.228,t-1'-,miguel_grant@email.com
Ameer,AYANNA,192.122.147.28,Erick4&ver,ameer_ayanna@email.com
Estelle,JAZLYN,69.205.24.146,$Mh$,estelle_jazlyn@email.com
Pearl,HANNA,104.118.95.74,admin,pearl_hanna@email.com
Athena,NICOLETTE,38.184.155.172,Ky1i&4Ev&r,athena_nicolette@email.com
Leila,CARMEN,136.228.181.223,LCARMEN44,leila_carmen@email.com
Grey,KAYLEIGH,185.63.18.177,1234,grey_kayleigh@email.com
Nahla,KINGSLEY,14.0.79.192,Nahla1980,nahla_kingsley@email.com
Nico,ADELAIDE,134.73.120.169,1234,nico_adelaide@email.com
Damani,MARIO,24.149.196.121,DM@R1O49,damani_mario@email.com
Brandon,ELIMELECH,64.49.210.240,Wil1i@m4Ev&r,brandon_elimelech@email.com
Rebecca,SHLOIMY,34.191.187.245,Gabriela4Ever,rebecca_shloimy@email.com
Amirjon,LEILA,172.68.129.201,pa$sword,amirjon_leila@email.com
Damien,KARTER,54.182.224.154,Fr1&da4Ev&r,damien_karter@email.com
Libby,MOISHE,128.1.89.31,17021982,libby_moishe@email.com
Rachel,CLAIRE,38.0.224.38,7w8MVl]K,rachel_claire@email.com
Sonia,JIA,142.148.155.203,HE0d,sonia_jia@email.com
Colette,ILANA,193.46.74.91,Col&tte1984,colette_ilana@email.com
Giovanny,ABDOUL,38.150.164.14,Made1ine4Ev&r,giovanny_abdoul@email.com
Dalia,MONTSERRAT,146.84.65.217,M@x4Ever,dalia_montserrat@email.com
Giulia,ELIMELECH,192.99.97.42,Xavier1979,giulia_elimelech@email.com
Natalia,JOSEF,146.170.23.217,1234567890,natalia_josef@email.com
Harper,ANTONIO,43.152.138.49,Harper2007,harper_antonio@email.com
Nathalie,MAITE,67.158.63.143,Spencer4Ever,nathalie_maite@email.com
Leo,HAREEM,202.129.243.78,Sloane4Ever,leo_hareem@email.com
Catherine,CINDY,38.245.85.75,0o3+_*G$H,catherine_cindy@email.com
Diana,ALONSO,38.72.167.188,Pnlzq7C*,diana_alonso@email.com
Henry,ALLISON,38.94.207.156,0000,henry_allison@email.com
Brynn,ALISSON,198.93.96.229,BALISSON12,brynn_alisson@email.com
Rohan,NATASHA,38.112.104.255,J@ce4Ever,rohan_natasha@email.com
Alexis,ARI,103.99.32.130,AAR199,alexis_ari@email.com
Queena,NOA,208.111.43.60,06091999,queena_noa@email.com
Lindsay,JUNIOR,38.208.96.110,LJUNIOR49,lindsay_junior@email.com
Eluzer,JOSUE,38.78.83.240,]x6Fy}^,eluzer_josue@email.com
King,ALEXIA,184.175.98.250,3nPk}(.,king_alexia@email.com
Pessy,AIZA,46.227.45.196,P&ssy1957,pessy_aiza@email.com
Alvin,LARA,162.74.185.116,Vkuj,alvin_lara@email.com
Winnie,MUHAMMAD,23.32.73.153,Winnie1982,winnie_muhammad@email.com
Angela,ZENDAYA,195.81.39.104,19071993,angela_zendaya@email.com
Anaya,ADRIEL,5.157.139.24,29082006,anaya_adriel@email.com
Eliza,SHIRLEY,66.178.42.233,14081998,eliza_shirley@email.com
Vincent,AMIA,216.170.125.255,V@MIA68,vincent_amia@email.com
Alex,GAVIN,32.116.88.115,AGAVIN72,alex_gavin@email.com
Sofia,DOVID,104.213.86.159,N6@~5~Mvq,sofia_dovid@email.com
Yida,SHMUEL,38.3.208.42,10051984,yida_shmuel@email.com
Ezriel,CYNTHIA,150.211.125.186,DANIELA1961,ezriel_cynthia@email.com
Louisa,AAHIL,93.123.117.86,1ouisa1952,louisa_aahil@email.com
Amir,KAYLA,23.67.59.189,26041963,amir_kayla@email.com
Terry,GIOVANNY,74.125.9.176,Steve1984,terry_giovanny@email.com
Lena,FREDERICK,34.3.159.213,1FREDERICK63,lena_frederick@email.com
Rayan,JAEL,52.219.178.9,D&nni$4Ever,rayan_jael@email.com
Ahmad,CAMILA,94.26.44.79,Ahmad1988,ahmad_camila@email.com
Layla,ALANI,38.24.23.115,Layla1958,layla_alani@email.com
Edwin,TZIPPY,104.70.173.142,25042004,edwin_tzippy@email.com
Noam,JANNAT,141.160.90.167,16081964,noam_jannat@email.com
Amani,MAXIMILIAN,108.170.49.43,A1tan@1991,amani_maximilian@email.com
Melina,ZAYDEN,38.255.115.1,22041995,melina_zayden@email.com
Alma,REMY,170.126.252.1,27111962,alma_remy@email.com
Simon,ISIAH,216.98.111.46,Sim0n1956,simon_isiah@email.com
Kayleigh,SAMMY,20.38.234.212,16082006,kayleigh_sammy@email.com
Judah,NATASHA,52.110.27.242,Judah2009,judah_natasha@email.com
Riley,AYDEN,38.139.216.218,Otto4Ever,riley_ayden@email.com
Giovanna,BATYA,45.57.108.210,Gi0vanna1987,giovanna_batya@email.com
Antonella,LANDON,192.86.216.169,adm1n,antonella_landon@email.com
Shloime,ALMA,172.68.202.87,qw&rtyuiop,shloime_alma@email.com
Christian,JAXON,198.184.233.191,CJAX0N11,christian_jaxon@email.com
Zaria,YOSSI,20.157.99.105,1234567890,zaria_yossi@email.com
Louise,SKYLAH,184.120.54.195,adm1n,louise_skylah@email.com
Liora,ADAN,210.247.238.194,1ADAN10,liora_adan@email.com
Hailey,DENIS,192.84.29.199,Hail&y1985,hailey_denis@email.com
Lielle,BASYA,38.243.68.186,Y'%Kp,lielle_basya@email.com
Eli,ERIC,40.103.10.83,19031958,eli_eric@email.com
Marcos,RACHEL,204.157.133.113,Audrey4Ever,marcos_rachel@email.com
Nathaly,MALKA,192.150.247.11,NMA1KA5,nathaly_malka@email.com
Jamari,TRAVIS,109.205.13.67,epkqzB]+,jamari_travis@email.com
Ayden,RUBY,23.230.11.200,Mu$hka4Ever,ayden_ruby@email.com
Ezekiel,XIN,52.85.63.38,Jonah4&ver,ezekiel_xin@email.com
Mushka,DEVORA,38.190.40.194,2N$Gqv,mushka_devora@email.com
Yechezkel,JAELYN,38.15.140.110,YJA&LYN13,yechezkel_jaelyn@email.com
Rafael,LAURA,108.160.217.55,RLAURA64,rafael_laura@email.com
Andrew,BRUCHA,159.18.49.17,EBRUCHA21,andrew_brucha@email.com
Esmeralda,SHLOMO,144.169.145.126,1234567890,esmeralda_shlomo@email.com
Sara,EMMA,38.122.61.88,07091988,sara_emma@email.com
Symphony,GOLDY,141.226.124.51,SGOLDY9,symphony_goldy@email.com
Derick,SAMMY,161.156.246.151,Derick1961,derick_sammy@email.com
Paige,PABLO,23.249.170.101,SP@BLO50,paige_pablo@email.com
Ibrahim,AMARE,23.203.147.236,M&ssiah4Ever,ibrahim_amare@email.com
Ruth,ERICA,192.142.31.208,Raizy4Ev&r,ruth_erica@email.com
Selina,JANELLE,38.137.187.108,8T6(XPHz|,selina_janelle@email.com
Kamari,MUSTAFA,148.5.81.214,"!,7@",kamari_mustafa@email.com
Jared,CAMILLE,38.84.104.122,ENRIQUE1987,jared_camille@email.com
Janae,OSCAR,134.159.17.221,12082007,janae_oscar@email.com
Ayesha,JAMEL,150.105.81.209,AJAME173,ayesha_jamel@email.com
Dean,PATRICK,136.237.2.233,Dean1996,dean_patrick@email.com
Farah,JACE,65.55.82.95,admin,farah_jace@email.com
Kaylie,NOEMI,104.223.197.130,Kayl1e1992,kaylie_noemi@email.com
Yassin,JOSIAH,46.34.43.169,YJOSI@H93,yassin_josiah@email.com
Emmanuella,LEON,64.28.190.173,41DHi)i|K\,emmanuella_leon@email.com
Shevy,TINA,150.171.161.49,1234567890,shevy_tina@email.com
Eleanor,SHAYAN,38.210.95.240,@diel4Ever,eleanor_shayan@email.com
Ruben,EZRA,208.217.38.157,6lix?@5|Cu5,ruben_ezra@email.com
Tatiana,NECHAMA,62.115.42.86,Tatiana1950,tatiana_nechama@email.com
Brenda,OLIVIA,63.217.88.222,Brenda1963,brenda_olivia@email.com
Jacqueline,JALEN,23.217.131.87,Q8Hq=rp,jacqueline_jalen@email.com
Yida,ANGELIQUE,184.173.112.21,YANGELIQUE61,yida_angelique@email.com
Pinchas,PENELOPE,23.57.135.2,Pi&rce4Ever,pinchas_penelope@email.com
Devoiry,DAMIAN,45.147.62.60,"xvQ)/n.qS""`",devoiry_damian@email.com
Judy,TORI,38.27.43.201,JT0RI34,judy_tori@email.com
Jimena,AMEER,181.215.23.9,123456,jimena_ameer@email.com
Zain,CHESKY,198.104.179.181,123456,zain_chesky@email.com
Alexa,DREW,170.83.235.249,BcC!/-PpBy{,alexa_drew@email.com
Yitzchok,SIENNA,67.151.212.33,1234567890,yitzchok_sienna@email.com
Brody,GEORGE,138.199.2.161,James4Ever,brody_george@email.com
James,JAYLA,205.209.28.153,28081994,james_jayla@email.com
Marcus,MILENA,109.94.218.132,ZMI1ENA72,marcus_milena@email.com
Iker,RUBY,34.191.164.0,3?Bt/|)fs,iker_ruby@email.com
Alyson,MAURICIO,38.187.222.58,0000,alyson_mauricio@email.com
River,WESLEY,104.79.77.144,azerty,river_wesley@email.com
Damon,FRANK,207.94.142.15,07091964,damon_frank@email.com
Amira,SERENA,16.1.179.171,Am1ra2006,amira_serena@email.com
Shoshana,NUSRAT,23.77.221.108,1234567890,shoshana_nusrat@email.com
Frances,HOLDEN,192.150.253.153,MH01DEN70,frances_holden@email.com
Angus,BRIGITTE,52.173.119.14,RBRIGITTE25,angus_brigitte@email.com
Emilio,MELANIA,134.170.148.234,1MELANIA22,emilio_melania@email.com
Jefferson,DERICK,134.37.10.107,Ishm@&l4Ever,jefferson_derick@email.com
Pearl,ERIK,38.254.46.47,20082008,pearl_erik@email.com
Denzel,KAILANI,104.28.222.87,Valentino4Ev&r,denzel_kailani@email.com
Peyton,KIARA,195.176.138.131,06122002,peyton_kiara@email.com
Dahlia,ANGELINE,38.204.10.53,Go1die4Ever,dahlia_angeline@email.com
Vicky,VIVIENNE,17.253.26.35,azerty,vicky_vivienne@email.com
Cooper,ESTHER,162.33.127.96,Ari&lle4Ever,cooper_esther@email.com
Antonia,OUMOU,23.61.248.249,1QNx,antonia_oumou@email.com
Abdulloh,YAEL,172.230.39.170,AYAE152,abdulloh_yael@email.com
Jayson,PEDRO,66.81.247.193,15021985,jayson_pedro@email.com
Alessandro,LINA,66.178.128.54,28031976,alessandro_lina@email.com
Yanky,AIDEN,38.167.135.216,Felix4Ever,yanky_aiden@email.com
Stephanie,DAVID,174.143.55.76,SD@VID39,stephanie_david@email.com
Malak,BONNIE,104.106.217.177,Mal@k1956,malak_bonnie@email.com
Fatima,VINCENZO,38.162.252.175,:cJgVj~(M,fatima_vincenzo@email.com
Noam,YIDEL,51.172.18.104,NYIDEL24,noam_yidel@email.com
Freddy,SAMUEL,208.36.225.179,Freddy1993,freddy_samuel@email.com
Sharon,ALLAN,20.143.216.88,S@LLAN71,sharon_allan@email.com
Amira,NATALIE,150.222.106.122,Amir@2005,amira_natalie@email.com
Yael,MEILECH,38.27.228.37,14092001,yael_meilech@email.com
Adalynn,AARAV,104.132.34.74,|-2{8oH6,adalynn_aarav@email.com
Jacqueline,CESAR,156.235.2.166,26011976,jacqueline_cesar@email.com
Bennett,ALONSO,104.118.204.107,S1mi4Ever,bennett_alonso@email.com
Benjamin,JOSEPHINE,149.18.97.245,qw&rty,benjamin_josephine@email.com
Elianny,KAIDEN,208.70.201.63,ps$wrd,elianny_kaiden@email.com
Meir,LIANNA,38.90.104.231,M1IANNA53,meir_lianna@email.com
Victoria,JULIEN,185.211.98.67,1234,victoria_julien@email.com
Raphael,CASSANDRA,52.94.144.153,14101982,raphael_cassandra@email.com
Helen,XIMENA,44.135.172.23,F1she14Ever,helen_ximena@email.com
Giovanny,ITZEL,5.183.178.186,Troy4&v&r,giovanny_itzel@email.com
Alexia,NATHALIA,38.51.146.125,Ayl1n4Ever,alexia_nathalia@email.com
Niam,CHANIE,139.104.100.120,SCHANIE15,niam_chanie@email.com
Dalia,DASHIELL,51.117.173.66,j\Zi,dalia_dashiell@email.com
Harrison,JACK,38.232.242.155,14071956,harrison_jack@email.com
Savannah,SCARLET,38.204.205.12,Alex4Ever,savannah_scarlet@email.com
Kristian,KASSANDRA,199.244.111.229,Veronica4Ever,kristian_kassandra@email.com
Reuben,YAMILETH,89.187.171.92,K@leb4Ever,reuben_yamileth@email.com
Camille,RENATA,130.207.175.29,14011983,camille_renata@email.com
Sheldon,ALEC,167.82.138.105,01011951,sheldon_alec@email.com
Ronald,ARIAN,38.220.189.116,Damian4Ever,ronald_arian@email.com
Shayla,EVAN,52.223.35.139,23121993,shayla_evan@email.com
Raizy,BRADLEY,5.105.19.149,Raizy1950,raizy_bradley@email.com
Delilah,RACHEL,4.178.171.71,DRACHEL88,delilah_rachel@email.com
Dion,RUSSELL,204.173.105.249,psswrd,dion_russell@email.com
Grace,JESSICA,139.181.38.57,GJES$ICA26,grace_jessica@email.com
Zane,ADALYNN,198.54.82.197,ZADALYNN95,zane_adalynn@email.com
George,HINDY,35.218.158.249,Edgar4Ev&r,george_hindy@email.com
Maximilian,YEHUDA,192.227.148.35,_v>z#xJ!+AK,maximilian_yehuda@email.com
Elliott,SALVATORE,104.156.159.172,>}7\b.<&k,elliott_salvatore@email.com
Aarya,ADITYA,172.225.143.161,A@ry@1986,aarya_aditya@email.com
Ayesha,KAMIYAH,198.54.200.193,25041956,ayesha_kamiyah@email.com
Nia,RYLEE,17.76.139.138,N1@1975,nia_rylee@email.com
Cristopher,ANIYA,74.163.108.238,Ser&nity4&v&r,cristopher_aniya@email.com
Nicolas,TIANNA,209.16.181.174,N1cola$1987,nicolas_tianna@email.com
Moussa,KIRA,144.217.147.221,3bu$kh,moussa_kira@email.com
Shayla,DOMINICK,117.121.245.31,password,shayla_dominick@email.com
Liana,FAIGY,20.57.1.104,1ian@1968,liana_faigy@email.com
Emma,KATELYNN,213.39.12.96,R4{mU63pF,emma_katelynn@email.com
Jasiah,DEVORAH,74.205.81.76,ADEVOR@H42,jasiah_devorah@email.com
Kamiyah,KEILY,40.111.5.224,pas$word,kamiyah_keily@email.com
Emmanuel,DAYANA,38.243.230.162,EDAY@NA74,emmanuel_dayana@email.com
Sawyer,JUSTIN,40.100.92.143,24041985,sawyer_justin@email.com
Luka,ZANIYAH,208.51.54.107,p$swrd,luka_zaniyah@email.com
Naftuli,ADDISON,173.213.77.159,)M^fE%@q5AL,naftuli_addison@email.com
Arden,ALEC,148.72.118.154,@ng&1y4Ever,arden_alec@email.com
Anton,ARIELLE,131.187.108.70,MMk$,anton_arielle@email.com
Amir,TOMAS,154.16.101.74,15111999,amir_tomas@email.com
Timothy,CARMELO,104.234.106.220,SERENA1982,timothy_carmelo@email.com
Silas,MADINA,169.45.220.255,0000,silas_madina@email.com
Luca,CHLOE,23.207.252.100,LCHLOE57,luca_chloe@email.com
Zain,MARIE,209.153.27.37,21121971,zain_marie@email.com
Batya,PARKER,66.197.227.188,BPARKER99,batya_parker@email.com
Henry,YANDEL,4.203.216.119,L1LLI@N1958,henry_yandel@email.com
Naftuli,KYLIE,108.162.245.154,v~]Y~t,naftuli_kylie@email.com
Jordi,MEIR,104.133.86.159,JAMEL2004,jordi_meir@email.com
Ella,ALIAH,64.71.143.54,Jud@h4Ever,ella_aliah@email.com
Ruben,RUSSELL,69.20.27.240,Rub&n1956,ruben_russell@email.com
Bowen,JASIAH,132.245.130.44,03071982,bowen_jasiah@email.com
Fernando,BENSON,104.79.8.56,F&rnando1987,fernando_benson@email.com
Carter,LIANNA,38.8.9.222,22051950,carter_lianna@email.com
Amari,KENNY,17.92.182.191,@KENNY98,amari_kenny@email.com
Paige,AVIGAIL,37.140.222.135,PAV1GAIL72,paige_avigail@email.com
Megan,SKYLA,35.239.231.47,Megan1958,megan_skyla@email.com
Stephanie,TZIPORAH,192.243.71.176,Stephanie1961,stephanie_tziporah@email.com
Adyan,BRUCHA,135.129.255.163,ABRUCHA1,adyan_brucha@email.com
Byron,KORI,164.128.67.240,8W_B-AT=z(Z,byron_kori@email.com
Perl,MATILDA,34.112.207.1,@dmin,perl_matilda@email.com
Angus,ZANE,192.224.244.53,27122000,angus_zane@email.com
Harper,AHUVA,38.22.226.19,AR1ELA1990,harper_ahuva@email.com
Saniyah,LANA,72.246.164.52,29081989,saniyah_lana@email.com
Awa,CONOR,166.88.92.80,King$ton4Ev&r,awa_conor@email.com
Dashiell,NOEL,72.155.87.78,Mary@m4Ever,dashiell_noel@email.com
Daphne,FATOUMATA,185.197.30.248,!8Yc;SDCP[,daphne_fatoumata@email.com
Marlon,RAYA,185.208.158.7,1234,marlon_raya@email.com
Leilani,AVIGAIL,132.250.127.99,1234,leilani_avigail@email.com
Tehila,GRAYSON,206.3.78.139,D@nte4&ver,tehila_grayson@email.com
Krish,REUVEN,118.159.115.80,psswrd,krish_reuven@email.com
Adriana,NATHAN,216.123.114.68,Nyl@4Ev&r,adriana_nathan@email.com
Rayyan,CORMAC,38.249.111.87,Rayyan1983,rayyan_cormac@email.com
Josie,ANNIKA,154.86.2.192,E@NNIKA57,josie_annika@email.com
Raizel,EVE,142.251.236.195,Shraga4Ever,raizel_eve@email.com
Kaleb,JANNAT,146.19.20.54,qwerty,kaleb_jannat@email.com
Gia,JERMAINE,91.241.15.197,22021987,gia_jermaine@email.com
Renee,SALMA,34.119.109.242,admin,renee_salma@email.com
Sapphire,BRITTANY,192.229.219.78,Sapphire1994,sapphire_brittany@email.com
Krish,NATHALIE,110.238.210.222,27111965,krish_nathalie@email.com
Rohan,NAFTALI,132.245.140.167,Ines4Ever,rohan_naftali@email.com
Bryanna,FISHEL,103.78.123.145,Fernand04Ever,bryanna_fishel@email.com
Luca,ALPHA,34.3.248.14,K=K~&,luca_alpha@email.com
Zahir,KYLEE,147.75.129.72,Zahir1984,zahir_kylee@email.com
Avril,NOAM,129.221.8.12,o/{YF5^dxXU,avril_noam@email.com
Safa,HANNA,20.159.95.65,Saf@1954,safa_hanna@email.com
Abdiel,LIBBY,20.152.167.185,25041982,abdiel_libby@email.com
Joel,BURECH,174.143.62.194,[ob@.a^_l@,joel_burech@email.com
Ruth,GEORGE,160.101.24.19,29092005,ruth_george@email.com
Richard,HEAVEN,158.41.23.219,Rin@4Ever,richard_heaven@email.com
Arya,EVA,38.199.101.245,Tahmid4Ev&r,arya_eva@email.com
Arely,ALISSON,185.161.64.39,qwertyu1op,arely_alisson@email.com
Erik,TONY,8.248.240.193,06081966,erik_tony@email.com
Ivan,MCKENZIE,208.169.102.110,@MCKENZ1E33,ivan_mckenzie@email.com
Diego,ISMAEL,104.126.33.19,password,diego_ismael@email.com
Amara,ANGELO,54.231.142.162,AANGELO57,amara_angelo@email.com
Allyson,HOLDEN,154.6.125.62,Cam11le4Ev&r,allyson_holden@email.com
Jessie,ADRIEL,206.221.214.176,23061991,jessie_adriel@email.com
Madeleine,SIMI,168.235.173.242,19121958,madeleine_simi@email.com
Sherlyn,AARAV,167.167.155.249,qwertyuiop,sherlyn_aarav@email.com
Zahra,SILAS,169.57.205.241,"\~""mgAo",zahra_silas@email.com
Hersh,SHAUL,192.58.224.15,12111971,hersh_shaul@email.com
Stacey,MENUCHA,113.29.47.39,Stacey1989,stacey_menucha@email.com
Mateo,KIYAN,192.48.241.165,Freya4&ver,mateo_kiyan@email.com
Connor,JADEN,23.52.72.136,BJADEN16,connor_jaden@email.com
Alondra,ADALYNN,38.38.216.111,1234,alondra_adalynn@email.com
Bonnie,ELSA,34.4.17.82,Bonnie1992,bonnie_elsa@email.com
Kathryn,EASON,148.163.179.193,Heaven1998,kathryn_eason@email.com
Edward,CHASE,204.55.144.184,@zerty,edward_chase@email.com
Aissatou,MATILDA,109.71.164.76,Le@nn@4Ever,aissatou_matilda@email.com
Reese,JEAN,181.215.33.134,Reese1987,reese_jean@email.com
Adan,ZION,147.243.14.70,AZI0N40,adan_zion@email.com
Lesly,SIMI,210.247.223.193,pK$2XWL%,lesly_simi@email.com
Frederick,MARINA,52.234.145.143,19071994,frederick_marina@email.com
Camren,NAFTALI,206.124.9.45,2cvexBi6,camren_naftali@email.com
Moses,GAEL,38.241.89.170,Moses1953,moses_gael@email.com
Kieran,DANA,169.54.79.57,Kier@n1979,kieran_dana@email.com
Samir,DWAYNE,192.104.162.26,SDWAYNE90,samir_dwayne@email.com
Berish,BEN,38.203.85.240,psswrd,berish_ben@email.com
Zahara,EDITH,44.151.30.102,ZEDITH24,zahara_edith@email.com
Nevaeh,DERECK,128.90.4.21,admin,nevaeh_dereck@email.com
Rachel,ZAIDEN,192.195.67.54,Emani4Ever,rachel_zaiden@email.com
Montserrat,MALIKA,38.167.73.122,10071988,montserrat_malika@email.com
Harper,ADIEL,206.92.164.89,09011999,harper_adiel@email.com
Sanaa,MARILYN,67.230.88.180,San@a1970,sanaa_marilyn@email.com
Crosby,AIDEN,20.158.118.55,Crosby1952,crosby_aiden@email.com
Greta,LIONEL,185.173.120.227,0000,greta_lionel@email.com
Elisa,INAYA,66.46.248.236,EINAY@64,elisa_inaya@email.com
Lyric,LEONIDAS,216.7.47.105,ALEON1D@S74,lyric_leonidas@email.com
Alejandro,ZARIA,208.30.94.245,Joaquin4Ever,alejandro_zaria@email.com
Keily,BRIDGET,108.62.177.128,Mouhamed4Ever,keily_bridget@email.com
Edwin,ALLYSON,85.133.236.168,Isma&14Ever,edwin_allyson@email.com
Milana,MEKHI,23.137.15.121,Pablo4Ever,milana_mekhi@email.com
Callie,NAHLA,84.239.27.59,CNAHLA41,callie_nahla@email.com
Rifka,GRIFFIN,70.38.111.67,01022002,rifka_griffin@email.com
Hailey,MADDOX,216.6.74.110,2?4}?@D,hailey_maddox@email.com
Dahlia,DAISY,171.162.19.177,28081957,dahlia_daisy@email.com
Gabrielle,EVANGELINE,69.174.30.171,GEVANGELIN&24,gabrielle_evangeline@email.com
Tziporah,SHULEM,35.218.208.24,Raque14Ever,tziporah_shulem@email.com
Terry,DEBORAH,192.42.101.211,Dakota1976,terry_deborah@email.com
Wolf,ALAN,162.120.151.230,*R`1,wolf_alan@email.com
Sydney,CONNOR,23.139.132.223,@zerty,sydney_connor@email.com
Miri,SCARLETT,144.192.117.181,07022007,miri_scarlett@email.com
Elliot,JAYDA,169.48.2.203,123456,elliot_jayda@email.com
Mia,IAN,38.160.31.155,Julia4Ever,mia_ian@email.com
Lila,MARCEL,57.140.109.143,DR{F,lila_marcel@email.com
Lyric,BYRON,209.146.161.220,p@ssword,lyric_byron@email.com
Matilda,ERIK,181.215.224.248,Matild@1951,matilda_erik@email.com
Faigy,LUCILLE,4.249.8.98,P@ri$4Ever,faigy_lucille@email.com
Atticus,YARIEL,38.202.43.243,M@ximili@n04Ev&r,atticus_yariel@email.com
Emmanuel,HUNTER,207.210.164.233,w^EM,emmanuel_hunter@email.com
Cheskel,BRIAN,162.43.144.98,Ryder4&ver,cheskel_brian@email.com
Isaiah,AMINA,38.132.245.202,Isaiah1982,isaiah_amina@email.com
Nicolas,NUCHEM,23.14.152.12,Breindy4Ever,nicolas_nuchem@email.com
Derek,JANELLE,74.163.124.236,p^1n,derek_janelle@email.com
Calvin,BRYANNA,206.86.19.236,"6""/5khTy#^",calvin_bryanna@email.com
Noam,CHAVY,38.43.84.115,NCHAVY29,noam_chavy@email.com
Anton,AKIVA,74.216.219.173,09121959,anton_akiva@email.com
Moises,JAXSON,50.117.74.86,29062008,moises_jaxson@email.com
Isabela,ABRAR,193.108.154.27,J&wel4Ever,isabela_abrar@email.com
Brianna,SAMI,18.244.248.117,Brianna1974,brianna_sami@email.com
Jaylin,REED,104.160.249.216,fs:Rh$P|5Y^,jaylin_reed@email.com
Sury,ALEKSANDRA,67.40.58.98,SALEKS@NDRA26,sury_aleksandra@email.com
Nadia,ANDRE,206.89.159.41,05071979,nadia_andre@email.com
Baila,ISAAC,146.152.38.120,BI$@AC3,baila_isaac@email.com
Parker,AILEEN,148.59.60.138,@Tm@i}qnT,parker_aileen@email.com
Angelo,ABBY,5.157.0.182,my_pa$sword,angelo_abby@email.com
Claudia,AMELIA,23.159.255.82,n$}..YG,claudia_amelia@email.com
Prince,LIBBY,32.117.121.157,""",Wpn~:B%x:",prince_libby@email.com
Chana,HASHIM,17.91.68.24,Rohaan1963,chana_hashim@email.com
Aisha,CELESTE,141.164.91.101,123456,aisha_celeste@email.com
Declan,ROCCO,64.47.226.89,DROCCO79,declan_rocco@email.com
Faigy,KATIE,45.139.38.205,qwerty,faigy_katie@email.com
Arthur,PINCHUS,52.120.153.195,@rthur2000,arthur_pinchus@email.com
Santino,ELISE,5.180.194.207,G0LDY1979,santino_elise@email.com
Tatiana,ANDREA,192.207.32.102,admin,tatiana_andrea@email.com
Fanta,ARJUN,104.102.186.75,IARJUN86,fanta_arjun@email.com
Anaya,ADAM,143.157.45.77,23111971,anaya_adam@email.com
Alice,YESENIA,170.194.124.217,AYE$ENIA34,alice_yesenia@email.com
Shaina,KEHLANI,134.191.205.210,K@m1y@h4Ev&r,shaina_kehlani@email.com
Batya,MALCOLM,192.146.130.223,29102002,batya_malcolm@email.com
Perla,CAMILA,52.125.7.7,J:dG,perla_camila@email.com
Arjun,FREDERICK,74.205.16.40,Arjun2001,arjun_frederick@email.com
Maurice,CARLOS,38.90.82.40,qwerty,maurice_carlos@email.com
Baruch,LINDA,206.73.45.221,Baruch1968,baruch_linda@email.com
Janiyah,LUKE,34.4.108.53,123456,janiyah_luke@email.com
Jane,VANESSA,165.125.184.163,24121988,jane_vanessa@email.com
Catalina,ZOE,65.9.15.28,JZ0E24,catalina_zoe@email.com
Wilson,ASHER,104.118.104.232,my_pas$word,wilson_asher@email.com
Orion,MICHAEL,63.221.184.196,0000,orion_michael@email.com
Erin,NACHMAN,65.58.49.17,Erin1989,erin_nachman@email.com
Avigail,CYRUS,45.39.42.84,Savannah4Ever,avigail_cyrus@email.com
Devory,MD,38.22.234.85,DMD58,devory_md@email.com
Orlando,AMARI,8.246.136.76,psswrd,orlando_amari@email.com
Kassandra,YARIEL,206.88.174.194,C/+w6edvE.,kassandra_yariel@email.com
Youssef,ALEJANDRO,142.105.84.240,Youssef1971,youssef_alejandro@email.com
Erick,NATHANAEL,202.43.217.83,$^/wR,erick_nathanael@email.com
Owen,NIKOLAI,63.175.177.7,0wen1996,owen_nikolai@email.com
Amadou,ALEXANDER,166.0.79.137,pas$word,amadou_alexander@email.com
Pamela,SHERLYN,157.59.67.40,20061994,pamela_sherlyn@email.com
Scarlett,ALFREDO,38.228.24.82,@yan1969,scarlett_alfredo@email.com
Mira,TAMAR,158.176.119.185,qw&rtyui0p,mira_tamar@email.com
Gerardo,BRAYAN,196.19.166.25,gC>+t?.u7,gerardo_brayan@email.com
Abrielle,KYLA,38.168.55.205,14082002,abrielle_kyla@email.com
Aniya,ELENA,209.108.200.104,F&rn@nda4Ever,aniya_elena@email.com
Jasiah,LAURA,38.128.40.193,Jasiah1956,jasiah_laura@email.com
Nevaeh,JAIME,69.20.51.238,Nevaeh1981,nevaeh_jaime@email.com
Emely,DEREK,13.33.160.119,Ben4Ever,emely_derek@email.com
Queenie,CALEB,85.120.228.240,23071972,queenie_caleb@email.com
Zakaria,KIARA,82.118.65.249,Zakar1a1966,zakaria_kiara@email.com
Clara,ARTHUR,213.147.94.56,"+,#W'#kC",clara_arthur@email.com
June,CARMINE,193.30.35.182,01101956,june_carmine@email.com
Chelsea,LAURA,69.94.76.19,CLAURA72,chelsea_laura@email.com
Gianni,HASHIM,129.179.95.183,eg!VRV!,gianni_hashim@email.com
Nikita,EMMELINE,66.178.61.231,NEMMELIN&96,nikita_emmeline@email.com
Sasha,GERARDO,38.38.183.39,7Yg#}ha&?,sasha_gerardo@email.com
Ariel,SOLOMON,75.104.176.27,4kQi+R@hE,ariel_solomon@email.com
Camilo,DARIA,38.17.208.179,Camil02009,camilo_daria@email.com
Lipa,ADDISON,66.152.163.201,LADDISON25,lipa_addison@email.com
Marilyn,DARREN,209.146.167.116,"]v_,[T:KZ;w",marilyn_darren@email.com
Cheyenne,CASSIDY,89.117.30.59,Pierce4Ever,cheyenne_cassidy@email.com
Idy,ILAN,23.207.225.208,@ndrew4Ever,idy_ilan@email.com
Sincere,MAHAMADOU,104.254.228.175,8Lxm\1Hvgw,sincere_mahamadou@email.com
Olive,MIAH,69.168.235.147,Charles4&ver,olive_miah@email.com
Arleth,ANGELIQUE,71.19.234.17,Co1&tte4Ever,arleth_angelique@email.com
Moishe,HANNA,130.36.165.123,y\xq&JQ[B,moishe_hanna@email.com
Bentzion,DIANA,34.113.107.61,my_pa$$word,bentzion_diana@email.com
Lucian,MUSA,208.87.176.196,08071956,lucian_musa@email.com
Jenny,AXEL,165.225.119.38,J@XEL24,jenny_axel@email.com
Allison,KIERAN,38.200.99.25,p$$wrd,allison_kieran@email.com
Julius,SHIRA,23.5.211.135,12061966,julius_shira@email.com
Shirley,AMELIE,104.76.154.227,tdKgl,shirley_amelie@email.com
Mathias,SIMCHA,34.191.102.17,"Qwl""5'atRK",mathias_simcha@email.com
Shloimy,ISABELA,172.81.114.3,13121973,shloimy_isabela@email.com
Roman,NATHALIA,38.187.64.181,AN@THALIA36,roman_nathalia@email.com
Zaire,JUSTICE,164.120.249.37,18101993,zaire_justice@email.com
Selena,DAMIAN,170.37.231.170,86/C9QJP5p,selena_damian@email.com
Blima,RENA,38.222.8.222,Blim@2003,blima_rena@email.com
Nicole,ELLIS,104.85.49.168,qwertyu1op,nicole_ellis@email.com
Chris,TALIA,65.225.152.212,Lilia4&ver,chris_talia@email.com
Aimee,ALI,192.219.219.122,Aime&2000,aimee_ali@email.com
Hayley,KATHERINE,72.19.22.181,passw0rd,hayley_katherine@email.com
Julian,SCARLET,154.49.209.94,11011971,julian_scarlet@email.com
Janiyah,EVELYN,185.90.218.228,27011994,janiyah_evelyn@email.com
Samara,MARVIN,89.23.92.16,SMARVIN0,samara_marvin@email.com
Adeline,SHLOIMY,157.30.20.213,Sophi&4Ever,adeline_shloimy@email.com
Lara,GOLDY,75.125.37.218,22qtd)MVD[8,lara_goldy@email.com
Major,MICHAEL,198.163.95.129,JM1CHAE169,major_michael@email.com
Lazer,EDITH,144.58.216.96,LEDITH47,lazer_edith@email.com
Jamie,CHANA,66.48.85.248,JCHAN@12,jamie_chana@email.com
Brady,FAIGY,151.101.147.38,Ah^0r8|*a,brady_faigy@email.com
Ariyah,SIMI,24.102.253.216,12032005,ariyah_simi@email.com
Brayden,RONALD,64.239.54.46,BRON@LD73,brayden_ronald@email.com
Frank,CAMILO,38.203.113.47,Gaia4Ev&r,frank_camilo@email.com
Brielle,SEKOU,38.116.195.82,16041953,brielle_sekou@email.com
Elijah,KAMREN,104.134.105.253,Ang&l4Ever,elijah_kamren@email.com
Tzirel,MASON,57.78.249.253,($bvcb/,tzirel_mason@email.com
Salma,ILAN,34.191.157.18,SILAN24,salma_ilan@email.com
Peter,EGYPT,192.135.67.154,11091976,peter_egypt@email.com
Shane,KAYLEE,34.114.144.100,Anany@4Ever,shane_kaylee@email.com
Harper,KHADIJAH,148.164.61.13,Justice4Ever,harper_khadijah@email.com
Winter,EDWIN,45.140.174.77,[?uilT,winter_edwin@email.com
Julie,KAIA,69.89.33.107,JKAIA64,julie_kaia@email.com
Michaela,LITZY,212.111.220.240,Michaela2001,michaela_litzy@email.com
Shoshana,MIA,38.123.54.102,Willow4Ever,shoshana_mia@email.com
Annabelle,JAMES,64.12.149.132,02071953,annabelle_james@email.com
Milagros,CHAD,188.209.138.113,MCHAD61,milagros_chad@email.com
Aden,AIDAN,194.195.93.19,Samir4Ever,aden_aidan@email.com
Ahmad,BENJAMIN,216.13.191.90,fR?~/o;'1,ahmad_benjamin@email.com
Diya,SYLVIA,16.76.231.191,Q_CZW.fum,diya_sylvia@email.com
Heaven,BRUCE,91.220.203.193,26081973,heaven_bruce@email.com
Pedro,DAMARIS,128.81.2.165,Leyla4&ver,pedro_damaris@email.com
Luka,MESHILEM,46.3.202.237,@dmin,luka_meshilem@email.com
Chava,ALEXIA,194.120.0.234,Marlon4&v&r,chava_alexia@email.com
Taliyah,GOLDY,8.34.255.133,1234567890,taliyah_goldy@email.com
Samantha,ADEN,198.36.94.91,S@m@ntha1954,samantha_aden@email.com
Erica,SEBASTIAN,8.241.6.169,Ky1ie4Ever,erica_sebastian@email.com
Fernando,ANGELO,34.7.186.1,"->I""2~",fernando_angelo@email.com
Raizy,JOHNATHAN,104.70.121.219,Annie4Ever,raizy_johnathan@email.com
Baruch,GRAYSON,34.188.201.5,BGRAYSON90,baruch_grayson@email.com
Rihanna,IMANI,38.139.214.53,R1MANI11,rihanna_imani@email.com
Blessing,SOPHIA,164.128.206.136,admin,blessing_sophia@email.com
Sylvia,DERRICK,104.108.24.139,06041991,sylvia_derrick@email.com
Miah,LIORA,166.88.88.237,ALIOR@29,miah_liora@email.com
Arianna,ELLE,62.115.147.112,A&1LE10,arianna_elle@email.com
Janiel,JENNA,38.30.203.196,%:]rbuK1,janiel_jenna@email.com
Baila,MIKAYLA,85.153.32.142,BM1KAYLA53,baila_mikayla@email.com
Josue,ANNALISE,45.57.222.209,Um%#$@,josue_annalise@email.com
Faigy,CARLA,40.93.146.254,29051998,faigy_carla@email.com
Sloane,BIANCA,38.24.209.158,qwertyuiop,sloane_bianca@email.com
Tyler,DERRICK,63.222.43.194,"""pc2)T&\7Fh",tyler_derrick@email.com
Amira,REUVEN,40.105.28.215,1234,amira_reuven@email.com
Millie,COLE,206.7.28.223,Mil1ie1957,millie_cole@email.com
Nailah,AYLEEN,188.227.106.196,+3:=|QnNor,nailah_ayleen@email.com
Avrum,THOMAS,154.50.28.58,14071967,avrum_thomas@email.com
Reese,ALONDRA,198.249.114.55,ahtE(\n,reese_alondra@email.com
Skyler,JAEL,193.163.192.191,Yitta4Ever,skyler_jael@email.com
Avrum,KEYLA,38.194.145.54,@vrum1978,avrum_keyla@email.com
Elle,ARIELLE,204.12.174.199,p$swrd,elle_arielle@email.com
Crosby,DIEGO,45.95.209.183,23011969,crosby_diego@email.com
Payton,OSKAR,108.171.223.26,FAe^YVp(,payton_oskar@email.com
Veer,RAPHAEL,185.144.157.10,admin,veer_raphael@email.com
Antonio,MARJORIE,204.125.230.3,Ariela4&v&r,antonio_marjorie@email.com
Leslie,CAMREN,155.26.51.140,Les1ie1958,leslie_camren@email.com
Frank,ARIA,204.240.156.104,Queen1&4Ever,frank_aria@email.com
Bella,JULIEN,134.170.255.152,Lawrence2002,bella_julien@email.com
April,AICHA,80.157.8.216,14081952,april_aicha@email.com
Alexis,EMILIANO,200.80.12.74,qwerty,alexis_emiliano@email.com
Raizy,MICHAEL,185.202.102.199,10031989,raizy_michael@email.com
Rifka,LENNY,172.252.230.70,R1ENNY25,rifka_lenny@email.com
Veronica,COLETTE,38.155.129.151,VC0LETTE90,veronica_colette@email.com
Mya,JANUEL,209.47.5.185,Mya1985,mya_januel@email.com
Saint,ILAN,159.89.187.43,123456,saint_ilan@email.com
Raizel,FRANCESCA,216.13.213.119,123456,raizel_francesca@email.com
Andres,GABRIELLA,74.125.156.44,Andres1966,andres_gabriella@email.com
Ruby,AMADOU,185.67.137.252,R@M@DOU30,ruby_amadou@email.com
Anastasia,YASSIN,23.76.53.18,AY@SSIN73,anastasia_yassin@email.com
Jean,AMIRAH,157.191.145.225,Elijah1994,jean_amirah@email.com
Winnie,ROSA,185.136.47.57,WRO$A91,winnie_rosa@email.com
Hershy,NECHAMA,146.218.222.29,Samira4Ev&r,hershy_nechama@email.com
Jace,MATTEO,52.123.108.227,Hu!6h(,jace_matteo@email.com
Ahron,ELIJAH,185.4.225.40,Mika4Ever,ahron_elijah@email.com
Gabriela,JOY,136.239.124.64,`5S8^h4Q,gabriela_joy@email.com
Frank,EDISON,162.33.182.73,0000,frank_edison@email.com
Christian,SERAFINA,199.167.125.11,0000,christian_serafina@email.com
Elodie,CHARLIE,34.109.190.245,Kah#,elodie_charlie@email.com
Hao,RIHANNA,185.83.156.55,HR1HANN@32,hao_rihanna@email.com
Thomas,ELLIOTT,135.136.152.168,09092004,thomas_elliott@email.com
Brianny,MARCO,38.73.220.203,Connie1998,brianny_marco@email.com
Victoria,ZHURI,66.198.164.64,password,victoria_zhuri@email.com
Allison,BATYA,192.27.111.51,ABATYA95,allison_batya@email.com
Marina,DULCE,158.51.114.244,f9L[`n>T,marina_dulce@email.com
Aissatou,KAIA,192.197.156.207,11111982,aissatou_kaia@email.com
Sky,MAXIMUS,5.105.247.152,Ce1ia1954,sky_maximus@email.com
Kelvin,AMIR,40.105.184.137,RhD8fhVD,kelvin_amir@email.com
Clementine,JUNE,38.200.181.248,25102002,clementine_june@email.com
Brenda,SAMARA,163.197.62.228,Dh*O,brenda_samara@email.com
Keith,REMY,169.48.209.100,([iMc,keith_remy@email.com
Lucas,TZIREL,38.88.167.249,Cole4Ever,lucas_tzirel@email.com
Dahlia,WESLEY,172.106.140.241,U\V^wXmq,dahlia_wesley@email.com
Andy,DINA,32.73.254.188,u00_/}}){G,andy_dina@email.com
Teagan,ISHMAEL,139.45.162.15,Teagan1966,teagan_ishmael@email.com
Willa,ANABELLA,85.209.43.88,WAN@BELLA79,willa_anabella@email.com
Luke,BRUCE,172.111.237.248,5(z_o2^[U,luke_bruce@email.com
Sury,JULIUS,154.210.108.122,I$ma&l2006,sury_julius@email.com
Elizabeth,YOCHEVED,34.115.45.181,Y@kov4Ev&r,elizabeth_yocheved@email.com
Lukas,TERRENCE,52.102.72.195,N@TALIA2009,lukas_terrence@email.com
Brittany,MELANIE,20.35.163.52,15041981,brittany_melanie@email.com
Zion,ELIANNY,38.117.64.231,E1ise4&ver,zion_elianny@email.com
Junior,MADELINE,38.208.114.248,0000,junior_madeline@email.com
Sunny,JOY,192.135.174.36,04111959,sunny_joy@email.com
Lydia,SALOME,38.114.38.70,LS@LOME48,lydia_salome@email.com
Stefan,ANGELINE,23.56.80.190,Luka4Ever,stefan_angeline@email.com
Pinchus,SARAI,4.126.8.178,azerty,pinchus_sarai@email.com
Hafsa,THEODORE,159.203.171.182,admin,hafsa_theodore@email.com
Crystal,KAYLEE,34.114.109.196,BK@YLEE31,crystal_kaylee@email.com
Johanna,SIENA,138.167.248.60,J$IEN@52,johanna_siena@email.com
Britney,REHAN,194.148.254.66,BREHAN93,britney_rehan@email.com
Amy,CRISTOPHER,38.228.81.206,Luca4Ever,amy_cristopher@email.com
Tina,VIKTOR,172.107.228.10,1iana4Ever,tina_viktor@email.com
Alexa,JOHNNY,192.100.47.39,Brianny4Ever,alexa_johnny@email.com
Esmeralda,ANYA,38.143.124.214,nNk+ET,esmeralda_anya@email.com
Tanisha,KEYLA,65.153.135.2,Tan1$ha1968,tanisha_keyla@email.com
Travis,BROOKS,173.194.38.188,Travis1982,travis_brooks@email.com
Archer,MATTHEW,38.176.7.18,p$swrd,archer_matthew@email.com
Yehoshua,ELIZABETH,17.67.208.12,YEL1ZABETH22,yehoshua_elizabeth@email.com
Max,LIYANA,31.220.14.35,19011950,max_liyana@email.com
Natasha,YASSIN,38.112.23.71,14061953,natasha_yassin@email.com
Liba,VEER,203.109.62.31,1iba2004,liba_veer@email.com
Aaliyah,SHAWN,142.133.188.16,UJJug7$UD`},aaliyah_shawn@email.com
Maximus,NIKOLAS,70.132.54.125,Maximus1950,maximus_nikolas@email.com
Cesar,CAMREN,206.204.109.44,Ismai14&ver,cesar_camren@email.com
Allison,KAYA,34.119.96.46,Leo1983,allison_kaya@email.com
Uriel,ARELY,192.5.127.247,0f'`,uriel_arely@email.com
Mendel,GABRIELA,34.114.35.33,vlpkr,mendel_gabriela@email.com
Leah,PAMELA,209.82.66.89,-GMe]gz,leah_pamela@email.com
Salma,SARAH,198.50.97.53,01072002,salma_sarah@email.com
Pamela,FRIMET,156.248.67.93,gq/:,pamela_frimet@email.com
Abraham,JUAN,192.190.138.25,@JUAN51,abraham_juan@email.com
Cameron,LUKE,34.7.201.37,CLUKE64,cameron_luke@email.com
Aiden,NOEL,144.232.34.104,A1den1984,aiden_noel@email.com
Grace,JULIETTE,168.179.17.234,123456,grace_juliette@email.com
Melody,FABIAN,38.186.234.5,1234567890,melody_fabian@email.com
Victoria,ELVIS,129.36.207.48,bZC:=Wa@,victoria_elvis@email.com
Quincy,CAMERON,140.99.87.43,16032001,quincy_cameron@email.com
Myles,YECHEZKEL,169.57.133.53,D@na4Ever,myles_yechezkel@email.com
Paris,AISSATOU,38.30.108.231,Pari$1964,paris_aissatou@email.com
Yida,MARIAM,64.39.235.108,YMAR1AM2,yida_mariam@email.com
Idy,WESTON,162.43.154.229,28041952,idy_weston@email.com
Mario,TORI,138.74.223.229,MTORI76,mario_tori@email.com
Kyro,LENA,192.142.69.80,Mikae1@4&ver,kyro_lena@email.com
Carlos,CHARLES,45.250.163.81,02011993,carlos_charles@email.com
Faigy,ARISHA,165.89.251.44,Sar1na4Ev&r,faigy_arisha@email.com
Adam,NEHEMIAH,23.225.251.56,adm1n,adam_nehemiah@email.com
Louise,CRISTOFER,38.202.140.246,M@rlon4&v&r,louise_cristofer@email.com
Kaylin,TZIPPY,4.204.8.111,Angi&4Ever,kaylin_tzippy@email.com
Luciana,DYLAN,192.48.254.202,^9V~U,luciana_dylan@email.com
Rosa,CATHERINE,149.82.68.195,RCATHERINE24,rosa_catherine@email.com
Anisa,ELENI,164.158.48.133,psswrd,anisa_eleni@email.com
Adele,ARIEL,146.152.229.83,05051961,adele_ariel@email.com
Shloimy,KALIYAH,154.29.11.189,04111968,shloimy_kaliyah@email.com
Keira,YAKOV,161.47.40.205,Keira2003,keira_yakov@email.com
Yousef,AMALIA,185.227.132.104,M1kayla4Ever,yousef_amalia@email.com
River,IVAAN,190.60.176.116,123456,river_ivaan@email.com
Charlie,NOEL,204.240.197.89,1234567890,charlie_noel@email.com
Selim,TOBY,34.191.152.198,STOBY84,selim_toby@email.com
Nolan,EVE,208.81.48.123,Rifky4Ever,nolan_eve@email.com
Emmanuel,RONAN,192.142.12.167,HRONAN63,emmanuel_ronan@email.com
Sharon,RIVKY,34.7.110.86,admin,sharon_rivky@email.com
Carmine,BETHANY,212.192.29.39,03111990,carmine_bethany@email.com
Aryan,ELENA,159.18.243.136,Q90_s,aryan_elena@email.com
Catalina,LINA,15.116.156.107,1ydia4Ever,catalina_lina@email.com
Elise,EZRIEL,38.161.212.109,EEZR1EL85,elise_ezriel@email.com
Henry,AMBER,38.183.111.115,21041955,henry_amber@email.com
Gabriella,ANABIA,50.24.141.225,{H\FBH,gabriella_anabia@email.com
Nechama,JENCARLOS,38.8.200.20,I$abe14&ver,nechama_jencarlos@email.com
Melissa,REED,40.102.160.174,1234567890,melissa_reed@email.com
Yesenia,ANDERSON,38.236.93.66,\`.|0,yesenia_anderson@email.com
Timothy,ROIZY,23.11.33.1,19111997,timothy_roizy@email.com
Christian,ZANIYAH,152.195.185.199,CZAN1YAH26,christian_zaniyah@email.com
Damari,ELLIOTT,155.190.208.97,24101990,damari_elliott@email.com
Madison,EGYPT,160.119.72.133,06121981,madison_egypt@email.com
Rayyan,MESHILEM,38.216.1.218,1234,rayyan_meshilem@email.com
Saul,ARYEH,206.41.99.75,S@ul1955,saul_aryeh@email.com
Josue,GEORGIA,208.70.234.104,Fernand@4Ever,josue_georgia@email.com
Lamar,NIA,206.223.244.220,azerty,lamar_nia@email.com
Xavier,LEIA,185.203.87.146,13031972,xavier_leia@email.com
Julia,WILSON,68.154.236.161,1234,julia_wilson@email.com
Ruchel,BRIAN,207.139.82.150,09071981,ruchel_brian@email.com
Mariam,LONDYN,77.234.46.199,MLONDYN71,mariam_londyn@email.com
Jean,THEODORA,142.93.115.167,GWFxlMZr,jean_theodora@email.com
Zissy,PRISCILLA,193.5.125.245,Mai$on4Ev&r,zissy_priscilla@email.com
Jaxon,ANA,38.122.150.42,17061996,jaxon_ana@email.com
Anayah,YASEEN,161.151.93.235,JYASEEN86,anayah_yaseen@email.com
Amy,ARLETTE,169.62.68.62,15072009,amy_arlette@email.com
Naftali,BRADY,5.153.232.139,NBRADY45,naftali_brady@email.com
Yakov,ARON,137.83.183.209,Ari&l4Ev&r,yakov_aron@email.com
Fiona,BRODY,38.243.25.228,psswrd,fiona_brody@email.com
Jayla,DALIA,170.244.147.49,?sLi3586,jayla_dalia@email.com
Ryder,EUNICE,62.122.185.138,Ryder1971,ryder_eunice@email.com
Jaylin,YUSUF,18.64.164.62,2>3tF%B,jaylin_yusuf@email.com
Aiza,ROCCO,38.234.47.216,@ROCCO27,aiza_rocco@email.com
Chany,HAYLEY,38.235.19.9,wh{I,chany_hayley@email.com
Boruch,ATTICUS,74.52.130.217,@11ison4&ver,boruch_atticus@email.com
Angela,NADIA,199.194.130.59,sXl^@v2MjK,angela_nadia@email.com
Henny,MCKENZIE,38.17.9.16,qw&rtyuiop,henny_mckenzie@email.com
Aniyah,KENZIE,104.133.177.235,0000,aniyah_kenzie@email.com
Misael,KHALEESI,204.31.77.245,R+?0*p2$2,misael_khaleesi@email.com
Bruchy,REBECCA,204.243.107.137,my_passw0rd,bruchy_rebecca@email.com
Claire,CARMINE,199.43.11.211,w75X^0-Zc,claire_carmine@email.com
Jefferson,KAILEY,45.15.160.243,Sienna4Ev&r,jefferson_kailey@email.com
Scarlet,GRAHAM,167.167.167.191,"y;$V4""p",scarlet_graham@email.com
Benzion,LEAH,38.136.119.5,Kristian4Ev&r,benzion_leah@email.com
Neymar,CATALINA,131.196.55.115,Amina4Ever,neymar_catalina@email.com
Valentin,GIULIA,38.226.221.146,VGIULIA37,valentin_giulia@email.com
Diego,MOHAMED,38.255.214.75,Diego1985,diego_mohamed@email.com
Wynter,SARAI,45.78.1.140,28101973,wynter_sarai@email.com
Solomon,ESME,216.191.108.170,nO{Q!G,solomon_esme@email.com
Reid,ROSIE,64.119.21.155,Kaitlyn4Ever,reid_rosie@email.com
Kenya,HELEN,192.224.213.180,KH&1EN49,kenya_helen@email.com
Ameer,MOHAMMED,192.145.116.96,Dennis4Ever,ameer_mohammed@email.com
Gael,KENNEDI,38.5.232.240,J@zzlyn4Ever,gael_kennedi@email.com
Lana,MALACHI,20.33.98.203,123456,lana_malachi@email.com
Fatima,ALEJANDRO,65.38.48.9,01021996,fatima_alejandro@email.com
Jaslyn,ELVIS,198.20.170.206,ps$wrd,jaslyn_elvis@email.com
Clark,KAILEY,38.236.206.153,27031988,clark_kailey@email.com
Taliyah,DIEGO,192.193.178.110,Christina4Ever,taliyah_diego@email.com
Shimon,HUNTER,32.60.109.26,123456,shimon_hunter@email.com
Saint,CAMILLE,34.112.15.224,Noa4Ever,saint_camille@email.com
Emery,KARTER,146.184.166.82,",O@X",emery_karter@email.com
Bradley,SHAINA,23.50.127.3,Leonardo1959,bradley_shaina@email.com
Enrique,BLAKE,23.52.183.15,1234567890,enrique_blake@email.com
Julien,ALEXIA,164.128.67.103,EAL&XIA10,julien_alexia@email.com
Tatiana,MARCOS,38.105.37.238,@zerty,tatiana_marcos@email.com
Aviva,RAYA,140.242.225.188,my_password,aviva_raya@email.com
Shloimy,CHRIS,208.99.75.204,Shloimy1966,shloimy_chris@email.com
Nosson,ALEENA,64.49.197.138,Est&l1e4&v&r,nosson_aleena@email.com
Hersh,SHREYA,41.194.50.203,Tiana4Ever,hersh_shreya@email.com
Jaylen,ANNABELLA,204.63.32.117,S^D;q_UyZ6T,jaylen_annabella@email.com
Queenie,NAILAH,34.107.238.53,qwertyuiop,queenie_nailah@email.com
Aron,SEKOU,40.111.90.60,-RYAI,aron_sekou@email.com
Audrey,KAYLA,168.125.185.247,my_pas$w0rd,audrey_kayla@email.com
Molly,MALAK,20.209.125.116,Rivka4Ever,molly_malak@email.com
Avril,LENNY,63.216.163.251,fdMddB,avril_lenny@email.com
Tatiana,JASLENE,134.46.18.89,TJASLENE78,tatiana_jaslene@email.com
Fraidy,KELLY,68.69.186.135,Fraidy1987,fraidy_kelly@email.com
Jonas,XAVIER,34.119.56.211,Jonas1988,jonas_xavier@email.com
Adiel,KYLE,216.113.144.1,Muhammad4Ever,adiel_kyle@email.com
Ronaldo,LUCILLE,23.192.111.241,Monic@1961,ronaldo_lucille@email.com
Kylie,NASIR,144.208.234.247,28061984,kylie_nasir@email.com
Maximilian,JANA,34.189.8.68,0000,maximilian_jana@email.com
Kevin,NEYMAR,46.22.64.103,KNEYMAR9,kevin_neymar@email.com
Yossi,JAMARI,157.57.206.159,07101971,yossi_jamari@email.com
Chanel,SAIGE,194.117.101.157,02101994,chanel_saige@email.com
Goldie,WINNIE,62.108.158.145,Goldie2002,goldie_winnie@email.com
Josiah,THOMAS,68.66.10.176,11081986,josiah_thomas@email.com
Dominic,YITZCHOK,184.10.70.142,123456,dominic_yitzchok@email.com
Iymona,JENNY,198.73.24.132,Iymona1971,iymona_jenny@email.com
Roy,SHLOMA,207.53.251.131,Jaz1e14Ever,roy_shloma@email.com
Royce,JOANNA,23.182.185.202,RJOANNA83,royce_joanna@email.com
Ahuva,FIONA,50.2.90.224,Ahuv@1961,ahuva_fiona@email.com
Lilah,SHOLOM,17.234.176.250,26101959,lilah_sholom@email.com
Lydia,BINYAMIN,67.119.15.36,1BINYAMIN3,lydia_binyamin@email.com
Princess,MOUSSA,104.73.185.243,PMOU$$@70,princess_moussa@email.com
Mina,NICOLAS,113.192.1.222,29051979,mina_nicolas@email.com
Faiga,AHUVA,159.148.167.26,Faiga1962,faiga_ahuva@email.com
Dillon,JAYLEEN,38.129.93.137,DJAY1EEN92,dillon_jayleen@email.com
Daniel,SEVYN,54.240.158.155,02101970,daniel_sevyn@email.com
Oren,ROHAN,38.113.37.207,123456,oren_rohan@email.com
Johanna,SKYLAH,17.87.143.14,pwS/g,johanna_skylah@email.com
Khadijah,ADALYNN,181.177.64.4,Khadijah2008,khadijah_adalynn@email.com
Ilan,DARIEL,172.111.174.93,3v0mED\0w,ilan_dariel@email.com
Ava,ZOEY,63.140.58.211,AZOEY83,ava_zoey@email.com
Emilia,LIBA,212.243.31.226,J@ylee4&ver,emilia_liba@email.com
Rehan,ADRIANA,82.116.131.157,ZAIN@B1960,rehan_adriana@email.com
Raina,LIA,23.205.126.225,12011963,raina_lia@email.com
Jonas,KING,63.216.31.243,JKING53,jonas_king@email.com
Jada,QUINCY,185.28.71.190,Jada1990,jada_quincy@email.com
Donovan,RICHARD,66.85.9.121,02051965,donovan_richard@email.com
Emma,HOORAIN,104.134.153.185,1234,emma_hoorain@email.com
Shayna,KYLE,38.156.180.127,SKYLE0,shayna_kyle@email.com
Bruno,TRAVIS,137.16.195.173,64-=*k,bruno_travis@email.com
Sanaa,CALEB,20.153.143.148,Sanaa2003,sanaa_caleb@email.com
Bennett,AVIGAIL,23.44.216.217,password,bennett_avigail@email.com
Dilan,SARIAH,104.87.112.164,Leslie4Ever,dilan_sariah@email.com
Yamileth,ISABELLA,166.86.128.25,10091984,yamileth_isabella@email.com
Celeste,NICHOLAS,104.147.224.215,:4ddP|,celeste_nicholas@email.com
Jencarlos,JIMENA,45.60.206.229,OQ#88h_'W,jencarlos_jimena@email.com
Shawn,NOEMI,38.235.61.232,my_password,shawn_noemi@email.com
Hadassah,ROMAN,104.124.45.141,CR1$T0FER1959,hadassah_roman@email.com
Adriana,NOEL,34.190.110.51,Adr1an@1981,adriana_noel@email.com
Stanley,YAIR,185.148.12.112,Stanley1990,stanley_yair@email.com
Bianca,BRAYAN,206.190.241.205,28051976,bianca_brayan@email.com
Harry,AMBAR,181.215.33.59,`p3n<~1,harry_ambar@email.com
Yisroel,HAO,204.174.224.220,pas$word,yisroel_hao@email.com
Kendra,ALIZA,216.234.247.6,Kendr@1990,kendra_aliza@email.com
Tahmid,JARIEL,89.117.96.109,CxRW,tahmid_jariel@email.com
Arthur,ERIC,52.46.191.218,AERIC7,arthur_eric@email.com
Menachem,BENJAMIN,160.19.185.34,Aden4Ever,menachem_benjamin@email.com
Roy,PHOEBE,104.216.129.67,`nk?_)9[1k,roy_phoebe@email.com
Elvin,BECKETT,20.30.117.132,Ana1$4Ever,elvin_beckett@email.com
Corey,CAMREN,38.119.2.165,Corey1999,corey_camren@email.com
Shane,LAWRENCE,74.216.32.210,my_password,shane_lawrence@email.com
Bentzion,BRAYDEN,154.16.54.65,1234567890,bentzion_brayden@email.com
Gianna,JANICE,44.63.247.246,H1ndy4Ever,gianna_janice@email.com
Dominic,ANTHONY,142.251.48.106,Fr1d@4Ever,dominic_anthony@email.com
Ahmed,SHLOIME,194.42.76.57,1234,ahmed_shloime@email.com
Adelynn,EMILIA,166.88.81.157,AEMILIA48,adelynn_emilia@email.com
Madelyn,ALAHIA,173.194.152.79,MAL@H1A22,madelyn_alahia@email.com
Gavriel,CARTER,64.47.118.97,Gavriel1993,gavriel_carter@email.com
Reuven,RONALDO,38.69.248.93,U0wM1'^?,reuven_ronaldo@email.com
Randy,ROBERT,68.232.199.28,0000,randy_robert@email.com
Penelope,SELENA,193.107.205.186,0000,penelope_selena@email.com
Kalani,IKER,38.253.181.49,16101955,kalani_iker@email.com
Anaya,HAYDEN,5.252.53.179,AHAYDEN31,anaya_hayden@email.com
Adele,KAILANI,185.99.23.69,0000,adele_kailani@email.com
Raizel,ALANI,206.152.2.53,RALANI77,raizel_alani@email.com
Cristopher,AMELIA,173.194.105.125,TAMELIA54,cristopher_amelia@email.com
Hafsa,LAILA,184.86.28.102,Ayal@4&ver,hafsa_laila@email.com
Yakov,SERENITY,62.3.57.131,1234,yakov_serenity@email.com
Chesky,ADRIANA,157.191.178.58,0K$z#hxL8U,chesky_adriana@email.com
Shreya,ROGER,38.161.159.127,21122008,shreya_roger@email.com
Brody,LAYLA,34.114.80.55,BL@YLA47,brody_layla@email.com
Nina,MARIA,192.173.91.14,11101963,nina_maria@email.com
