names,surnames,ips,passwords,logins
Esteban,ASHTON,192.58290.178.68,17081971,esteban_ashton@email.com
Ronaldo,TZIPORA,20.9755.27.26,MAnqJ=-1yK,ronaldo_tzipora@email.com
Samara,LEIA,23.2109.61.87,Shayan4Ever,samara_leia@email.com
Reese,ELIANNY,192.3131.59.238,RELIANNY93,reese_elianny@email.com
Josephine,ZARA,38.18584.152.239,Elianna4&ver,josephine_zara@email.com
Mendel,STEPHANIE,205.38771.115.139,y0$&{,mendel_stephanie@email.com
Randy,SIMA,194.23815.7.90,O5/]^[,randy_sima@email.com
Mindy,SHARON,163.61094.166.150,qwerty,mindy_sharon@email.com
Shloime,PEYTON,206.48995.99.193,0000,shloime_peyton@email.com
Melany,EVERETT,12.23180.140.235,Melany2001,melany_everett@email.com
Cody,TESSA,67.49373.221.66,H@fs@4Ever,cody_tessa@email.com
Precious,RINA,208.8766.62.236,my_pa$sword,precious_rina@email.com
Cali,DECLAN,146.28911.239.195,C@li1993,cali_declan@email.com
Skyla,SHLOME,59.38996.84.26,21101959,skyla_shlome@email.com
Andre,AMIRAH,51.41265.49.69,passw0rd,andre_amirah@email.com
Jordyn,IKER,149.37202.82.231,24041978,jordyn_iker@email.com
Scarlett,SERENITY,205.54153.137.40,QZ%^Z,scarlett_serenity@email.com
Lilly,RICARDO,46.8173.237.47,0000,lilly_ricardo@email.com
Henchy,KAYA,64.30214.6.207,password,henchy_kaya@email.com
Kayleen,LEV,192.28694.22.254,Kal@ni1975,kayleen_lev@email.com
Zev,BRAYAN,63.56596.20.150,08121993,zev_brayan@email.com
Sapphire,AMBERLY,172.24150.86.102,SAMBERLY64,sapphire_amberly@email.com
Briella,XANDER,162.65219.195.161,qwertyu1op,briella_xander@email.com
Tamar,ESSENCE,160.21389.141.109,Tamar1964,tamar_essence@email.com
Rosemary,DAHLIA,67.55029.245.90,11051983,rosemary_dahlia@email.com
Mary,CATALINA,3.1406.126.133,J&$sica4&ver,mary_catalina@email.com
Brielle,DAMIAN,20.24347.27.181,Brielle1966,brielle_damian@email.com
Malky,ANTONELLA,184.43435.171.181,MANTONELLA8,malky_antonella@email.com
Keily,REBECCA,41.49698.34.144,21091962,keily_rebecca@email.com
Skyla,DAMIAN,192.61635.195.187,04102003,skyla_damian@email.com
Matias,LILIA,160.29866.170.98,Matias2007,matias_lilia@email.com
Hindy,MATTHIAS,40.25227.139.58,123456,hindy_matthias@email.com
Raizy,ROIZA,38.35807.223.75,Quinn1995,raizy_roiza@email.com
Kelsey,ISLA,129.970.202.249,06041995,kelsey_isla@email.com
Ahron,AMBER,154.835.67.229,03091986,ahron_amber@email.com
Lena,NOEL,198.41133.173.170,ANOEL18,lena_noel@email.com
Josie,LUCIEN,173.61278.94.222,"1""PU,!~PqyB",josie_lucien@email.com
Liyana,YAMILET,23.58679.55.239,Ait@na4&ver,liyana_yamilet@email.com
Imogen,SHMUEL,66.50786.98.121,123456,imogen_shmuel@email.com
Ayaan,ARISHA,38.52339.115.75,admin,ayaan_arisha@email.com
Yidel,LUCY,169.34901.85.224,Steve4Ever,yidel_lucy@email.com
Aurelia,SHIFRA,198.39503.79.123,Hect0r4&v&r,aurelia_shifra@email.com
Alejandra,BERISH,38.41445.229.147,SB&RISH54,alejandra_berish@email.com
Safa,ELISA,38.7790.110.25,12022008,safa_elisa@email.com
Maximo,ILANA,169.12187.155.178,Max1mo1978,maximo_ilana@email.com
Amaya,SIENA,23.6284.140.88,Amaya1989,amaya_siena@email.com
Lilian,BENTZION,38.36165.69.169,qwerty,lilian_bentzion@email.com
Antonella,MALCOLM,212.31968.224.250,"\W,5m",antonella_malcolm@email.com
Victoria,KARLA,172.27377.241.156,123456,victoria_karla@email.com
Arturo,SHAYAN,209.33669.133.56,ASHAYAN75,arturo_shayan@email.com
Kimberly,ZACHARY,193.31618.130.130,12121950,kimberly_zachary@email.com
Paige,BONNIE,64.10370.130.207,PBONN1&97,paige_bonnie@email.com
Kyle,ALBERTO,192.37494.118.174,1234567890,kyle_alberto@email.com
Archer,JELANI,104.32715.203.139,27081952,archer_jelani@email.com
Ali,JAXON,172.23994.186.251,psswrd,ali_jaxon@email.com
Alter,HENRY,109.52974.238.135,Alt&r1987,alter_henry@email.com
Ivan,ANGELO,38.52436.212.83,qwertyuiop,ivan_angelo@email.com
Chava,ZAYN,45.2923.107.248,Gf\F,chava_zayn@email.com
Josephine,YARETZI,131.47718.102.238,JYARETZI64,josephine_yaretzi@email.com
Tessa,SIMONE,74.32717.205.196,22111954,tessa_simone@email.com
Joy,CARTER,172.57743.143.172,qwerty,joy_carter@email.com
Manuel,JAHMIR,66.47433.73.196,psswrd,manuel_jahmir@email.com
Doris,SYEDA,154.6758.102.197,23091975,doris_syeda@email.com
Gabrielle,SIMA,174.35327.255.120,<T)~v]w3,gabrielle_sima@email.com
Cecelia,VIVIENNE,18.54469.197.137,mgbyxp[,cecelia_vivienne@email.com
Bella,BLIMY,154.4444.92.144,KBLIMY33,bella_blimy@email.com
Erika,HANNAH,149.32510.254.53,Er1k@1952,erika_hannah@email.com
Zoe,VIVIENNE,40.25679.79.127,Cristian4Ever,zoe_vivienne@email.com
Maeve,MAYSON,174.36489.137.234,25072009,maeve_mayson@email.com
Princeton,BRITTANY,20.40356.164.5,JBR1TTANY77,princeton_brittany@email.com
Dominic,CADEN,64.19638.182.230,DCADEN99,dominic_caden@email.com
Arielle,MANUEL,159.4859.251.51,Ari&l1e1989,arielle_manuel@email.com
Talia,SYEDA,168.58725.101.39,@dmin,talia_syeda@email.com
Adam,RIYA,52.62861.141.196,AR1YA67,adam_riya@email.com
Romeo,MARCO,107.47129.25.251,R0meo2002,romeo_marco@email.com
Yakov,DENZEL,209.53582.78.190,"""j[p""",yakov_denzel@email.com
Julie,ELSA,66.1581.45.221,Julie1955,julie_elsa@email.com
Filip,QUINN,149.25739.139.64,FQU1NN19,filip_quinn@email.com
Ruchel,JORDAN,116.51150.206.191,Magg1&4Ever,ruchel_jordan@email.com
Ishaan,AMAYAH,64.8719.15.19,Vincenzo4Ever,ishaan_amayah@email.com
Elise,LEVI,142.62843.123.122,Jacob4Ever,elise_levi@email.com
Sophie,JALEN,185.3554.226.96,Milan14Ever,sophie_jalen@email.com
Shaina,JALIYAH,38.65167.143.61,27041973,shaina_jaliyah@email.com
Skyla,LOUIS,38.60509.93.227,29021970,skyla_louis@email.com
Matthias,CYNTHIA,103.25376.32.7,c0uZ]3,matthias_cynthia@email.com
Bonnie,NINA,209.34302.254.193,_Rhm6Fp$P,bonnie_nina@email.com
Alec,HUDSON,192.49590.182.88,CAR01INE1983,alec_hudson@email.com
Veronica,SHMUEL,34.48844.204.135,Ay@nna4Ever,veronica_shmuel@email.com
Akiva,MADELINE,191.24671.95.113,@MADELINE36,akiva_madeline@email.com
Aditya,ZAIDEN,34.48683.43.149,29042005,aditya_zaiden@email.com
Giovani,SKY,34.982.214.181,GSKY4,giovani_sky@email.com
Juniper,ARIEL,103.52565.85.1,09022003,juniper_ariel@email.com
Selina,SAVION,159.16743.103.65,Fatim@4&ver,selina_savion@email.com
Zaria,JAHEIM,104.36003.163.25,-dqaE7,zaria_jaheim@email.com
Chavy,JENNA,107.39716.36.128,Ch@vy1952,chavy_jenna@email.com
Dennis,LAYLA,192.38787.131.158,03101989,dennis_layla@email.com
Theodora,WINSTON,38.9920.192.28,@ni$ha4&ver,theodora_winston@email.com
Ishmael,ALISHA,63.28165.5.67,Abraham1968,ishmael_alisha@email.com
Youssef,ARJUN,158.45493.181.217,Youss&f2009,youssef_arjun@email.com
Elianna,ESHAAL,38.51039.95.119,my_password,elianna_eshaal@email.com
