names,surnames,ips,passwords,logins
Tamar,JERRY,64.49.214.34,10102002,tamar_jerry@email.com
Marlowe,SANIYA,194.145.22.86,YSANIYA20,marlowe_saniya@email.com
Eliel,ALAYNA,74.242.135.28,Eliel2006,eliel_alayna@email.com
Reese,ANTHONY,101.36.99.178,9+p^PHe.,reese_anthony@email.com
Yachet,MALKY,161.129.161.218,25071979,yachet_malky@email.com
Julio,PERLA,205.248.46.145,x*;23E03C{,julio_perla@email.com
Aditya,SAMIR,23.221.16.243,Vivian4Ev&r,aditya_samir@email.com
Amare,FINN,185.75.78.21,psswrd,amare_finn@email.com
Ronan,JOSELYN,38.228.116.25,RJOSE1YN57,ronan_joselyn@email.com
Kelly,PERETZ,192.229.227.100,APER&TZ63,kelly_peretz@email.com
Oumar,BRIDGET,109.94.216.135,.]kN-Pa,oumar_bridget@email.com
Jana,SIMA,66.81.231.227,Shaniya4Ever,jana_sima@email.com
Adan,REIGN,52.223.70.118,Adan1970,adan_reign@email.com
Noel,TYLER,147.243.170.245,1234567890,noel_tyler@email.com
Valentina,ARIANA,38.191.51.142,D&BORAH1998,valentina_ariana@email.com
Mia,CALLIE,170.248.150.68,Milania4Ever,mia_callie@email.com
Angela,CESAR,45.14.45.37,1234,angela_cesar@email.com
Liana,KYLA,195.65.156.21,LKYL@7,liana_kyla@email.com
Alissa,JACQUELINE,65.61.150.145,Alis$a2008,alissa_jacqueline@email.com
Giada,JULIAN,151.186.65.253,1234,giada_julian@email.com
Carlos,ALIYAH,192.206.75.226,Lia4Ever,carlos_aliyah@email.com
Livia,ESHAN,104.254.165.178,1ivia1964,livia_eshan@email.com
Scarlet,LENA,64.65.173.189,12081971,scarlet_lena@email.com
Darwin,GREYSON,32.83.250.83,psswrd,darwin_greyson@email.com
Finley,LIAN,130.109.193.100,{o\$B$ec?,finley_lian@email.com
Raymond,KING,204.79.152.91,Raymond1989,raymond_king@email.com
Massimo,IMRAN,188.93.137.210,Ma$s1mo1983,massimo_imran@email.com
Khloe,ARI,192.64.151.51,Khl0e1987,khloe_ari@email.com
Daria,GEMMA,103.217.101.252,06072007,daria_gemma@email.com
Keira,ZAYAN,81.22.132.106,iWJe).5nYN>,keira_zayan@email.com
Maia,CRYSTAL,193.142.218.128,Maia1977,maia_crystal@email.com
Yesenia,SHIA,148.186.185.20,Eliana4Ever,yesenia_shia@email.com
Jamar,OUMAR,152.56.116.238,10081990,jamar_oumar@email.com
Riva,MAJOR,89.116.168.240,Riva2005,riva_major@email.com
Arielle,MARVIN,129.134.90.105,0000,arielle_marvin@email.com
Rihanna,ROSA,144.211.196.139,7?xZVZ]3k4p,rihanna_rosa@email.com
Crystal,JENNA,163.197.42.74,06011960,crystal_jenna@email.com
Gustavo,ALDO,167.114.195.40,Jaiden4Ever,gustavo_aldo@email.com
Sara,AISSATOU,143.244.75.150,SAIS$@TOU70,sara_aissatou@email.com
Sarai,HARPER,45.80.97.186,eff6|J.p1@~,sarai_harper@email.com
Eliot,LORENZO,23.5.168.96,80ak*P0,eliot_lorenzo@email.com
Derek,JOSEPHINE,206.150.96.82,DJOS&PHIN&32,derek_josephine@email.com
Ishaan,GAEL,67.208.30.109,qwertyu1op,ishaan_gael@email.com
Viktor,NATHALIA,34.188.188.136,Viktor1961,viktor_nathalia@email.com
Edgar,YOCHEVED,212.115.51.177,25071998,edgar_yocheved@email.com
Julia,KATHERINE,168.244.72.146,19051958,julia_katherine@email.com
Shayla,MYA,198.183.224.207,@dm1n,shayla_mya@email.com
Lily,DEBORAH,43.92.129.108,LDEBORAH88,lily_deborah@email.com
Elisa,GABRIEL,38.33.178.175,qw&rtyuiop,elisa_gabriel@email.com
Kailee,ESHAN,94.136.76.61,Nath@li&4Ever,kailee_eshan@email.com
Mason,DUA,104.124.21.177,No@ch4Ever,mason_dua@email.com
Hannah,AMIRA,130.94.22.210,L@MIRA97,hannah_amira@email.com
Massimo,ROYAL,213.185.117.140,a+lmq,massimo_royal@email.com
Josephine,EVERETT,207.115.168.145,p$swrd,josephine_everett@email.com
Abigail,ELIYAHU,136.228.228.84,H&+q#>p,abigail_eliyahu@email.com
Hawa,ROSELYN,69.28.210.95,@dmin,hawa_roselyn@email.com
Sebastian,JULIEN,160.84.84.23,S&b@$ti@n1999,sebastian_julien@email.com
Dylan,LUKE,129.124.117.236,password,dylan_luke@email.com
Makayla,YAHIR,204.160.121.23,04112001,makayla_yahir@email.com
Marie,JASON,32.106.150.51,Lie11e4&ver,marie_jason@email.com
Renata,TATIANA,40.104.25.91,@it@na1981,renata_tatiana@email.com
Estrella,BRIAN,158.85.93.151,Estrell@1952,estrella_brian@email.com
Anabel,ASTRID,204.7.68.17,BR00KE2002,anabel_astrid@email.com
Talia,ERICA,199.19.80.93,a3<b/.,talia_erica@email.com
Jane,GIA,38.197.229.158,J@ne1969,jane_gia@email.com
Bradley,JUDAH,38.196.135.158,27031964,bradley_judah@email.com
Bintou,SANIYAH,63.251.210.19,0000,bintou_saniyah@email.com
Itzel,ABDIEL,38.210.207.218,21031991,itzel_abdiel@email.com
Edward,MARIO,68.220.184.87,EMARIO51,edward_mario@email.com
Piper,BILLIE,2.56.33.134,PBILLIE2,piper_billie@email.com
Rivkah,DIYA,38.186.135.173,25121976,rivkah_diya@email.com
Ava,KIMORA,142.88.223.99,#w-~|Hb\n#1,ava_kimora@email.com
Binyamin,SASHA,34.3.228.189,12071965,binyamin_sasha@email.com
Iris,ZAKARIA,148.61.88.33,S&r&nity4&ver,iris_zakaria@email.com
Alberto,LYRIC,170.106.186.100,A1YRIC30,alberto_lyric@email.com
Derek,ZELDA,64.138.74.68,my_p@ssword,derek_zelda@email.com
Efraim,OUMAR,34.188.119.158,1234,efraim_oumar@email.com
Zaiden,VIKTOR,52.111.239.208,qwerty,zaiden_viktor@email.com
Philip,AURORA,138.2.205.59,Noach4Ev&r,philip_aurora@email.com
Aicha,LEVI,68.155.21.201,Aicha1972,aicha_levi@email.com
Dereck,MAKHI,17.69.219.84,I$abe1la4Ever,dereck_makhi@email.com
Shiloh,TAMIA,23.180.66.58,02041976,shiloh_tamia@email.com
Annabella,BRIANA,40.110.76.55,O1&16{<@e(,annabella_briana@email.com
Samiyah,MONTSERRAT,199.175.101.20,/y-{dyi7cQ,samiyah_montserrat@email.com
Timothy,WYNTER,70.63.129.142,0[JUN]@n>,timothy_wynter@email.com
Erika,SYEDA,209.242.244.19,Rosie4Ever,erika_syeda@email.com
Mina,SHAWN,66.198.146.165,09081966,mina_shawn@email.com
Issac,ARLO,34.113.157.217,rY\3wGx-\,issac_arlo@email.com
Rosa,JUNE,63.216.240.173,24041983,rosa_june@email.com
Zainab,ESSENCE,13.104.98.111,Camil04Ever,zainab_essence@email.com
Noemi,LUKA,128.168.157.182,NLUKA30,noemi_luka@email.com
Frederick,ANDREW,40.104.45.17,28042004,frederick_andrew@email.com
Alison,MALIK,199.46.186.63,St&fan4&ver,alison_malik@email.com
Khloe,GRACE,154.14.14.235,D?a./I,khloe_grace@email.com
Kamren,JOY,172.97.89.118,KJOY70,kamren_joy@email.com
Maximiliano,ARMAAN,103.230.5.75,Grant1977,maximiliano_armaan@email.com
Tianna,YOUSSEF,167.167.112.40,RYOU$SEF29,tianna_youssef@email.com
Amirjon,DONOVAN,192.12.234.202,ADONOV@N25,amirjon_donovan@email.com
Yehoshua,MOSES,91.196.152.180,Yeh0$hua1968,yehoshua_moses@email.com
Malik,ISAIAH,38.87.214.200,Hershy4Ever,malik_isaiah@email.com
Amrom,MAEVE,194.26.215.141,Amr0m1985,amrom_maeve@email.com
Cindy,JEFFERSON,152.68.26.233,Rayyan1963,cindy_jefferson@email.com
Arthur,LEAH,38.112.170.117,"o@,o.",arthur_leah@email.com
Gabriella,GOLDY,38.146.30.143,AL1ZA1977,gabriella_goldy@email.com
Elliana,ABRAR,69.174.2.37,}7Tk15#5*u,elliana_abrar@email.com
Feynman,RENEE,40.110.250.90,Fre1da4Ev&r,feynman_renee@email.com
Darren,FAIGY,38.24.111.144,0000,darren_faigy@email.com
Georgia,CHRISTY,80.231.90.68,Anabel1e4&ver,georgia_christy@email.com
Gabriel,SHMIEL,192.82.0.123,Zahar@4Ever,gabriel_shmiel@email.com
Josef,WESLEY,192.112.255.205,tB~2q[aI%o-,josef_wesley@email.com
Miriam,NAHLA,188.74.128.227,@yala2009,miriam_nahla@email.com
Ian,MAX,75.88.109.67,123456,ian_max@email.com
Devora,AUDREY,207.174.99.79,Devor@2005,devora_audrey@email.com
Binyomin,CLAIRE,38.17.158.173,BCLA1RE37,binyomin_claire@email.com
Lila,ANDREA,45.137.206.69,my_password,lila_andrea@email.com
Darius,AUGUST,192.198.119.192,qwerty,darius_august@email.com
Marvin,ANAIS,142.75.224.122,20051988,marvin_anais@email.com
Sahil,VIVIENNE,13.105.37.245,08082005,sahil_vivienne@email.com
Alpha,JUAN,81.31.193.181,Alpha1995,alpha_juan@email.com
Litzy,NASIR,45.249.221.242,Ruben4Ever,litzy_nasir@email.com
Antonia,ISAIAS,209.72.37.186,my_password,antonia_isaias@email.com
Sarai,MAGALY,38.210.224.232,03111963,sarai_magaly@email.com
Litzy,JEANCARLOS,63.87.189.56,16072007,litzy_jeancarlos@email.com
Dereck,ZOE,44.31.99.80,Dereck1969,dereck_zoe@email.com
Leela,AMAIA,66.231.249.93,23071975,leela_amaia@email.com
Naomi,RAYAN,23.45.28.114,Arthur1959,naomi_rayan@email.com
Livia,AMELIA,8.241.43.14,S9@>k(mv|,livia_amelia@email.com
Breindy,ESHAAL,172.247.171.100,E1i4Ever,breindy_eshaal@email.com
Charlie,JAMIE,38.243.109.253,7)T\4#,charlie_jamie@email.com
Aleksandra,CHRISTIAN,154.91.60.162,MAT1LDA1961,aleksandra_christian@email.com
Arlo,ESTY,150.190.217.144,password,arlo_esty@email.com
Samira,RAQUEL,67.16.106.20,azerty,samira_raquel@email.com
Moises,KAILEE,66.199.23.241,MKAILEE32,moises_kailee@email.com
Celeste,ZAHARA,213.248.72.252,18071985,celeste_zahara@email.com
Rivkah,MOTTY,206.42.99.63,R1vkah1950,rivkah_motty@email.com
Zissy,EPHRAIM,23.53.6.174,Zissy1973,zissy_ephraim@email.com
Vivienne,LIZBETH,161.156.243.160,SIJa5\aS39!,vivienne_lizbeth@email.com
Jaime,MADISYN,34.7.176.87,Rahaf4Ev&r,jaime_madisyn@email.com
Spencer,KAIDEN,213.188.79.75,SKA1D&N2,spencer_kaiden@email.com
Malcolm,EMILIA,38.149.253.45,M@HAMAD0U1990,malcolm_emilia@email.com
Jonas,APRIL,70.153.14.44,Sonny4Ever,jonas_april@email.com
Sholom,VINCENT,34.188.103.190,ps$wrd,sholom_vincent@email.com
Bintou,YITTY,38.155.140.173,E(6!,bintou_yitty@email.com
Aisha,SHAINA,159.60.13.26,05101993,aisha_shaina@email.com
Shaul,MONTSERRAT,23.53.76.130,$MONTSERRAT19,shaul_montserrat@email.com
Mae,ROIZY,44.2.241.4,04111999,mae_roizy@email.com
Empress,DIYA,103.182.97.182,EDIYA8,empress_diya@email.com
Kyle,EMILIA,155.64.17.23,&1LYyFOj,kyle_emilia@email.com
Aileen,REUVEN,66.198.105.161,@i1een1953,aileen_reuven@email.com
Mason,POLINA,45.134.36.131,my_pa$$word,mason_polina@email.com
Yadiel,HECTOR,144.203.193.254,passw0rd,yadiel_hector@email.com
Chavy,HADLEY,52.107.216.188,AH@DLEY24,chavy_hadley@email.com
Aditya,HASSAN,216.109.119.73,0000,aditya_hassan@email.com
Abel,GITTEL,38.192.169.17,password,abel_gittel@email.com
Shayan,CELIA,172.224.171.53,$CEL1A71,shayan_celia@email.com
Elijah,BRIANNA,172.99.248.253,08021965,elijah_brianna@email.com
Elisa,MANUEL,194.150.49.47,123456,elisa_manuel@email.com
Leslie,EASON,38.245.47.231,L&@SON63,leslie_eason@email.com
Eddie,PAOLA,204.29.157.101,0000,eddie_paola@email.com
Yair,SUMMER,38.197.185.43,Arely4Ev&r,yair_summer@email.com
Griffin,KATHERINE,34.188.212.171,MKATH&RIN&69,griffin_katherine@email.com
Briella,SKY,155.113.115.87,Qrv~,briella_sky@email.com
Hana,DAISY,216.244.75.113,eNg[eZ)w,hana_daisy@email.com
Bruchy,SHAYA,204.240.203.19,Aw@4Ever,bruchy_shaya@email.com
Zahra,MATHIAS,185.37.38.227,0000,zahra_mathias@email.com
Nashla,SHLOMO,165.87.43.109,:sU<q,nashla_shlomo@email.com
Royce,ADELAIDE,173.205.190.20,RADELAIDE6,royce_adelaide@email.com
Arjun,TZIPORAH,164.128.65.116,qw&rty,arjun_tziporah@email.com
Sholom,DECLAN,142.252.16.185,Zoy@1989,sholom_declan@email.com
Francisco,JAMES,159.63.180.154,16091971,francisco_james@email.com
Theo,MILAGROS,38.191.11.102,Theo1978,theo_milagros@email.com
Harrison,ALANA,23.48.105.138,Kiar@4Ev&r,harrison_alana@email.com
Ivaan,REEM,64.124.200.229,|n'3Xp_,ivaan_reem@email.com
Dayana,PEREL,20.102.13.108,l/(!%,dayana_perel@email.com
Enzo,SHLOMO,157.59.206.158,password,enzo_shlomo@email.com
Dean,ELIJAH,108.177.46.109,De@n2008,dean_elijah@email.com
Jad,EDWARD,135.129.35.39,Jad1973,jad_edward@email.com
Empress,HAYLEE,52.100.32.131,XHAY1EE69,empress_haylee@email.com
Nia,NOSSON,204.79.172.205,07091962,nia_nosson@email.com
Erick,BRYANT,23.53.115.104,EBRYANT18,erick_bryant@email.com
Hillel,HUDSON,38.185.37.151,qwertyuiop,hillel_hudson@email.com
Maliyah,FRANCES,20.134.250.152,09091974,maliyah_frances@email.com
Mekhi,TARAJI,206.216.12.103,Damian4&ver,mekhi_taraji@email.com
Isabelle,SELINA,165.125.187.185,IS&LIN@45,isabelle_selina@email.com
Ashly,JESUS,207.139.199.117,AJ&SUS39,ashly_jesus@email.com
Marley,AMAYA,23.49.56.94,Marley1987,marley_amaya@email.com
Wilson,MOISES,158.62.151.233,Bryan4Ever,wilson_moises@email.com
Ryder,SARAI,34.3.210.132,<70s,ryder_sarai@email.com
Marie,PRINCE,129.250.2.12,Neh&miah4Ever,marie_prince@email.com
Elina,CHAVY,192.145.68.23,28071965,elina_chavy@email.com
Xavier,JASMINA,51.161.127.87,XJA$M1NA60,xavier_jasmina@email.com
Gabrielle,DOMINICK,75.125.73.220,05111978,gabrielle_dominick@email.com
Devory,ROYAL,91.239.37.144,^M0$CI<U,devory_royal@email.com
Jamal,YANDEL,38.217.179.171,22051988,jamal_yandel@email.com
Siena,ZACHARY,216.77.227.239,p$swrd,siena_zachary@email.com
Mordche,SYLVIE,35.230.178.188,K@yden4Ever,mordche_sylvie@email.com
Leon,AMBERLY,173.241.253.111,0000,leon_amberly@email.com
Ryan,MELINA,52.85.35.123,4kZ;,ryan_melina@email.com
Hector,GIADA,141.183.211.137,Ali$ha4Ever,hector_giada@email.com
Shlomo,AISSATA,147.182.86.227,Shlom01989,shlomo_aissata@email.com
Joselyn,MARTIN,38.82.92.49,GOb&rv7Q&,joselyn_martin@email.com
Yousef,ADALYNN,34.112.51.158,qwertyu10p,yousef_adalynn@email.com
Amari,EYAD,192.135.239.202,Fanta4Ever,amari_eyad@email.com
Jaylen,ELAN,64.31.61.49,23021965,jaylen_elan@email.com
Perla,SADIE,38.203.117.202,PSADIE45,perla_sadie@email.com
Kingston,MIRA,38.52.35.29,19101962,kingston_mira@email.com
Jonathan,JEFFREY,200.80.10.12,1234567890,jonathan_jeffrey@email.com
Kendrick,ADA,209.84.206.133,FOGc|,kendrick_ada@email.com
Jad,ISMAEL,207.46.66.187,JISMAE153,jad_ismael@email.com
Timur,NYLAH,38.190.150.243,22041954,timur_nylah@email.com
Reem,CAIRO,38.64.165.38,admin,reem_cairo@email.com
Moshe,RONALD,184.29.38.149,123456,moshe_ronald@email.com
Allyson,KHALIL,23.90.103.252,g^`&m0~Y,allyson_khalil@email.com
Ada,CHASE,66.178.96.160,yNC224=)&K&,ada_chase@email.com
Yechezkel,FIONA,38.219.189.250,Y&ch&zkel1950,yechezkel_fiona@email.com
Esmeralda,TAMAR,170.72.79.102,NAT@L1E1976,esmeralda_tamar@email.com
Georgina,LILA,20.95.109.36,Freid@4Ever,georgina_lila@email.com
Yasmina,MUSHKA,154.201.233.85,&gypt4Ever,yasmina_mushka@email.com
Emery,LESLY,4.200.112.38,ELES1Y8,emery_lesly@email.com
Karter,LUKE,104.74.245.228,gNh{vZ6nZY,karter_luke@email.com
Parker,LISA,98.159.98.66,13031959,parker_lisa@email.com
Chaya,SERAFINA,160.19.29.91,20041955,chaya_serafina@email.com
Alexandra,STACY,193.221.79.135,Zakaria1992,alexandra_stacy@email.com
Raya,NADIA,72.0.135.255,RNAD1A36,raya_nadia@email.com
Shania,FINLEY,20.35.51.104,0000,shania_finley@email.com
Yasmine,WILLA,38.72.225.240,1234567890,yasmine_willa@email.com
Jaylene,BENNETT,34.7.216.14,N0S$0N1984,jaylene_bennett@email.com
Alessia,GOLDY,149.100.23.209,V(qJa,alessia_goldy@email.com
Jasmin,NOEMI,216.15.173.85,JNOEMI33,jasmin_noemi@email.com
Alter,ILANA,34.191.180.92,9Ntt,alter_ilana@email.com
Khaleesi,NALANI,66.101.90.226,v?nF<2X3,khaleesi_nalani@email.com
Sebastian,KAILEY,165.85.180.81,Crystal4Ever,sebastian_kailey@email.com
Itzel,JANIEL,34.189.1.207,IJANIE194,itzel_janiel@email.com
Julie,MALIHA,38.21.117.45,t7&&==+1,julie_maliha@email.com
Yamilet,RAIZEL,67.223.54.215,qwertyuiop,yamilet_raizel@email.com
Jonah,LEON,205.254.164.150,N/#nv,jonah_leon@email.com
Denisse,AITANA,40.98.38.20,Denisse1998,denisse_aitana@email.com
Richard,SHIRLEY,216.36.103.136,24081976,richard_shirley@email.com
Cataleya,LOUISE,23.196.229.125,Danny4Ever,cataleya_louise@email.com
Zahara,MARIE,68.71.147.246,_fw-0x,zahara_marie@email.com
Chloe,ELIYAHU,108.179.92.156,JELIYAHU90,chloe_eliyahu@email.com
Eileen,JEREMIAS,148.153.98.1,my_pa$sword,eileen_jeremias@email.com
Jamari,YASMINA,215.70.97.12,my_pas$word,jamari_yasmina@email.com
Aliyah,CHRISTOPHER,67.219.182.201,Aliyah1979,aliyah_christopher@email.com
Samaira,RILEY,38.231.149.60,06111974,samaira_riley@email.com
Marley,EVIE,209.59.98.210,Marley1971,marley_evie@email.com
Jaheim,KEILY,67.22.1.166,ZJ$UvcR1wt,jaheim_keily@email.com
Nechama,HERSHY,38.92.22.2,~{-IGy54YxC,nechama_hershy@email.com
Jorge,BRIANNA,198.15.174.139,0000,jorge_brianna@email.com
Blake,JULIANNA,63.217.171.172,Shane4Ever,blake_julianna@email.com
Ezra,ANABIA,209.126.41.25,ps$wrd,ezra_anabia@email.com
Nelson,SYEDA,143.74.158.172,NSYED@67,nelson_syeda@email.com
Mayar,ANNIE,152.158.101.24,08022005,mayar_annie@email.com
Cristian,DIANA,20.111.177.73,J&sus4Ever,cristian_diana@email.com
Jessica,KING,193.34.36.43,11101998,jessica_king@email.com
Azaan,KIMBERLY,38.222.191.244,J|k*Iy?bJ@!,azaan_kimberly@email.com
Idy,SAMMY,206.193.132.71,azerty,idy_sammy@email.com
Jasper,KAMREN,68.66.28.60,14101966,jasper_kamren@email.com
Marlon,ERIC,157.240.70.72,\K>:%!cK`,marlon_eric@email.com
Alanis,FRADEL,196.240.77.116,@FRADEL75,alanis_fradel@email.com
Kayla,DAMARI,128.1.128.92,24021965,kayla_damari@email.com
Rohaan,IAN,40.106.94.202,psswrd,rohaan_ian@email.com
Hector,NASHLA,38.149.244.17,Jacob4Ever,hector_nashla@email.com
Meshilem,LEILA,38.184.0.199,ML&I1@68,meshilem_leila@email.com
Marquis,SHAINDEL,38.90.148.142,11041994,marquis_shaindel@email.com
Johnathan,AMARI,203.190.75.246,$>{KY)Cy},johnathan_amari@email.com
Miah,JOHN,155.63.241.199,MJ0HN70,miah_john@email.com
Kaylie,LINCOLN,192.5.60.73,10102001,kaylie_lincoln@email.com
Tristan,JANA,103.254.250.11,DdP%;Ay|E$(,tristan_jana@email.com
Jada,KARAS,149.101.220.201,azerty,jada_karas@email.com
Ashton,GRANT,8.29.107.86,Asht0n2008,ashton_grant@email.com
Jeffrey,AIMEE,52.112.11.147,Xander4Ev&r,jeffrey_aimee@email.com
Amrom,ELI,8.248.85.210,17011988,amrom_eli@email.com
Scarlett,SHULEM,208.50.5.75,Al1is0n4Ever,scarlett_shulem@email.com
Nyah,VERA,63.220.167.151,1234567890,nyah_vera@email.com
Karen,JAVIER,52.222.231.31,K@ren2009,karen_javier@email.com
Ishaan,AVIEL,20.20.48.116,I@VIEL22,ishaan_aviel@email.com
Zahara,SELMA,192.225.98.218,ZSELMA60,zahara_selma@email.com
Priscilla,DAKOTA,23.39.63.156,Frady4Ever,priscilla_dakota@email.com
Abrielle,KAYA,216.13.203.119,Nv}I0Mje,abrielle_kaya@email.com
Arlo,ELISE,66.103.31.124,AELIS&8,arlo_elise@email.com
Fabian,LITZY,146.112.15.23,S&@n4Ev&r,fabian_litzy@email.com
Caroline,JOHANNA,38.38.172.208,12041998,caroline_johanna@email.com
Spencer,YECHIEL,23.247.243.160,")<'n^~~%""Qa",spencer_yechiel@email.com
Moses,RAPHAEL,184.120.30.158,Gw&ndolyn4&ver,moses_raphael@email.com
Francesco,MALCOLM,198.50.252.115,25111964,francesco_malcolm@email.com
Everly,STANLEY,32.113.168.15,'>@+J,everly_stanley@email.com
Amalia,XIMENA,147.78.50.43,Am@l1a1957,amalia_ximena@email.com
Neymar,AMIR,160.202.166.128,$a1ome4Ever,neymar_amir@email.com
Md,CHRISTIAN,13.226.17.168,Byron4Ever,md_christian@email.com
Willow,RIVKY,168.175.208.246,WRIVKY82,willow_rivky@email.com
Yossi,RYDER,38.144.165.39,03041995,yossi_ryder@email.com
Nachman,HARMONY,38.14.109.196,Crystal4Ever,nachman_harmony@email.com
Lauren,IAN,181.119.30.7,17101975,lauren_ian@email.com
Armaan,CARSON,140.248.208.130,ACARSON65,armaan_carson@email.com
Sunny,ANISA,20.34.220.60,7UOm$G2$FMv,sunny_anisa@email.com
Archer,SINCERE,34.112.156.192,Archer2004,archer_sincere@email.com
Toba,HENRY,15.158.0.216,J@1me4Ever,toba_henry@email.com
Gerard,JAMARI,165.231.63.4,0wT-&8jr%,gerard_jamari@email.com
Mason,LUIS,104.102.163.159,MLUIS4,mason_luis@email.com
